date,adj close,close,high,low,open,volume,ema_20,ema_50,ema_200,rsi_14,atr_14,trend
2024-01-16,211.07540893554688,219.8500061035156,229.4499969482422,215.3500061035156,227.6999969482422,10162230,219.8500061035156,219.8500061035156,219.8500061035156,,,SIDEWAYS
2024-01-17,209.10723876953125,217.8000030517578,227.8000030517578,213.0,217.0,9817388,219.65476771763392,219.7696138269761,219.8296080631996,,,DOWN
2024-01-18,214.62774658203125,223.5500030517578,225.5,205.0,218.1000061035156,15170346,220.02574251136,219.91786438481068,219.86662691880716,,,UP
2024-01-19,224.61264038085935,233.9499969482422,237.0,222.1999969482422,225.6999969482422,17277209,221.35186198153926,220.46814409318054,220.00675995392592,,,UP
2024-01-23,213.2836151123047,222.1499938964844,244.8000030517578,218.0,244.5,14000409,221.42787454486736,220.53409898742774,220.02808566479717,,,UP
2024-01-24,224.3246307373047,233.6499938964844,239.6999969482422,218.6000061035156,224.0500030517578,18637485,222.59188591168802,221.04844780739077,220.16362704023686,,,UP
2024-01-25,223.2685394287109,232.5500030517578,236.0500030517578,231.25,235.0,5011413,223.5402780202661,221.49948918952282,220.28687456273957,,,UP
2024-01-29,225.47674560546875,234.8500061035156,242.1999969482422,233.5500030517578,234.8999938964844,6743317,224.61739498057557,222.0230388724245,220.43178134423985,,,UP
2024-01-30,223.60455322265625,232.8999938964844,239.0,231.75,237.3000030517578,4810549,225.40621392494785,222.44958612827,220.55584316068013,,,UP
2024-01-31,224.51666259765625,233.8500061035156,237.9499969482422,231.0,233.8999938964844,6894726,226.21038460862096,222.8966614214169,220.68812338896706,,,UP
2024-02-01,227.44493103027344,236.8999938964844,239.8999938964844,231.75,237.8999938964844,7130932,227.2284426360365,223.4458117145568,220.84943553332047,,,UP
2024-02-02,250.9190673828125,261.3500061035156,273.8999938964844,239.3000030517578,239.3999938964844,57382859,230.47811534722499,224.93225071020225,221.25242628526274,,,UP
2024-02-05,234.50157165527344,244.25,259.0,241.1999969482422,252.3999938964844,21578662,231.78972340939404,225.6898095058806,221.48125786451385,,,UP
2024-02-06,230.6132049560547,240.1999969482422,247.6999969482422,237.0,247.6999969482422,6745823,232.5907018416653,226.25883646440457,221.66751397479973,,15.482141767229356,UP
2024-02-07,232.00534057617188,241.6499938964844,253.6000061035156,240.1499938964844,243.0,11889066,233.45349156117186,226.86241126566262,221.86634462078666,61.13380099925565,15.435714721679686,UP
2024-02-08,230.94924926757807,240.5500030517578,245.0,238.1499938964844,244.0,6265328,234.12934979837053,227.39917957099968,222.05225166985107,61.7328505082695,14.867857796805241,UP
2024-02-09,217.36399841308597,226.3999938964844,241.75,222.0,241.6999969482422,9544763,233.39322066485755,227.35999581905793,222.09551278653402,51.352629457437565,14.814286368233812,UP
2024-02-12,195.1335906982422,201.4499969482422,228.3500061035156,199.1000061035156,228.3500061035156,12678153,230.35100888232273,226.34391743196713,221.89008476824256,36.447041958988855,15.846429007393969,UP
2024-02-13,199.9768218994141,206.4499969482422,210.1499938964844,192.1499938964844,200.0500030517578,9993339,228.07472203145792,225.56376368750733,221.7364520536157,43.05924227107401,15.21785736083984,UP
2024-02-14,208.4524688720703,215.1999969482422,216.3999938964844,201.25,202.9499969482422,9656742,226.84855773781834,225.15734146243813,221.6714126993334,41.640238615058074,14.79285757882254,UP
2024-02-15,209.1305084228516,215.8999938964844,222.1499938964844,214.3000030517578,217.0,7673175,225.80583737197702,224.79430822455757,221.61398564656872,42.428374262821656,15.010713849748882,UP
2024-02-16,210.72879028320312,217.5500030517578,220.5500030517578,215.6499938964844,217.6000061035156,4216758,225.01956743671806,224.51021782562424,221.5735480088094,42.0860028644075,14.67142922537667,UP
2024-02-19,223.75706481933597,231.0,236.0,217.6000061035156,219.0,15828143,225.58913244274493,224.76471908736448,221.6673435510103,49.213578804433624,15.471429007393969,UP
2024-02-20,218.86538696289065,225.9499969482422,231.8500061035156,224.3000030517578,231.6000061035156,4199751,225.62350049088752,224.81120057210478,221.70995701764946,46.837466542755706,15.514286586216512,UP
2024-02-21,212.9566650390625,219.8500061035156,231.25,217.75,227.3999938964844,5996929,225.0736438825664,224.61664392627776,221.6914500433795,43.337246515701445,15.896429879324769,UP
2024-02-22,211.4552764892578,218.3000030517578,222.1000061035156,213.0,222.0,4876501,224.4285352320132,224.36893251943386,221.65770430216935,29.5097564011744,13.903573172433028,UP
2024-02-23,213.5378570556641,220.4499969482422,227.0,219.0500030517578,219.6999969482422,5152426,224.049626824035,224.21524877154397,221.6456873135731,36.79244979459908,13.085715157645081,SIDEWAYS
2024-02-26,209.46954345703125,216.25,221.4499969482422,215.5500030517578,220.4499969482422,2683178,223.30680522174595,223.90288607462068,221.59199888259226,36.73130138641128,12.742857796805238,SIDEWAYS
2024-02-27,206.8542022705078,213.5500030517578,218.8500061035156,211.8999938964844,216.0,4577588,222.37758596746139,223.49689066195938,221.511979023579,34.644811185377975,12.278572082519522,SIDEWAYS
2024-02-28,199.1050262451172,205.5500030517578,214.8999938964844,203.6499938964844,213.9499969482422,5575292,220.77495902310866,222.79309114783382,221.35315339201858,32.21544605133839,12.592857360839838,SIDEWAYS
2024-02-29,202.9796142578125,209.5500030517578,212.3500061035156,202.0,205.0,6244360,219.70591559726574,222.27375435975242,221.23570911002594,40.45326132682152,11.921429225376666,SIDEWAYS
2024-03-01,208.9367828369141,215.6999969482422,217.5500030517578,210.5500030517578,212.5,4822213,219.32439953545398,222.0159599514579,221.18062739697336,60.2591819705001,10.403572082519522,SIDEWAYS
2024-03-04,215.329833984375,222.3000030517578,226.5,213.0,217.0,8984687,219.60779034653052,222.02709889656768,221.19176546319014,61.15412303074609,10.082143511090951,SIDEWAYS
2024-03-05,225.8396453857422,233.1499938964844,237.8999938964844,221.3000030517578,223.1000061035156,25870660,220.8975240179547,222.46329085734874,221.3107528107851,62.26931113483081,10.185714721679679,SIDEWAYS
2024-03-06,217.3155670166016,224.3500061035156,233.3999938964844,219.4499969482422,233.3999938964844,8517498,221.22633183562718,222.53727969053176,221.34099413708094,55.200009465147744,10.621429443359366,SIDEWAYS
2024-03-07,218.6716766357422,225.75,228.3500061035156,223.1999969482422,226.0,3329381,221.65715737509126,222.6632687222756,221.3848648421846,55.06172937184804,10.63928658621651,SIDEWAYS
2024-03-11,210.0022735595703,216.8000030517578,226.8999938964844,215.0500030517578,226.8500061035156,3577163,221.1945712490595,222.43333673519646,221.339244326857,40.71895068934863,10.167857578822538,SIDEWAYS
2024-03-12,204.52944946289065,211.1499938964844,216.75,204.4499969482422,216.75,6298992,220.23794483452855,221.9908527023058,221.23785875043538,40.40206830914128,10.510714939662384,SIDEWAYS
2024-03-13,180.8945159912109,186.75,214.5,184.75,210.1999969482422,12896265,217.04861675504964,220.60885847868596,220.89469597679923,32.65198175598343,11.67142922537667,DOWN
2024-03-14,189.70916748046875,195.8500061035156,199.25,183.6499938964844,187.4499969482422,8088061,215.02970145490355,219.63792309142437,220.6454950825377,39.09664678552271,12.135714939662384,DOWN
2024-03-15,182.8802490234375,188.8000030517578,200.3999938964844,183.0,195.8999938964844,8500124,212.53163494031824,218.42859289379038,220.32862451506728,35.32684234533514,12.757143293108257,DOWN
2024-03-18,179.48997497558594,185.3000030517578,195.75,182.6999969482422,190.0,9342129,209.93814618902678,217.12943250782834,219.98008101791993,35.55762803607598,13.267858232770646,DOWN
2024-03-19,174.3561553955078,180.0,187.9499969482422,178.75,185.0,4809092,207.08689417102423,215.67337633105078,219.58226926649786,34.715258443603304,13.42857142857143,DOWN
2024-03-20,168.98016357421875,174.4499969482422,184.75,173.5,181.6999969482422,7794548,203.978618245045,214.05677321799948,219.1331919299978,35.50791722198427,13.42857142857143,DOWN
2024-03-21,189.75759887695312,195.8999938964844,198.3000030517578,179.0,179.0,40946124,203.20922544994397,213.34474265637144,218.90201583016187,44.52905377760573,14.392857142857148,DOWN
2024-03-22,190.38723754882807,196.5500030517578,198.0,192.0500030517578,195.8999938964844,12116074,202.57501379297386,212.68612541697485,218.67960774281457,41.97065245430425,14.246428353445875,DOWN
2024-03-26,199.78309631347656,206.25,209.75,195.25,197.25,19535541,202.9250124793573,212.43372834179937,218.55593005383136,43.4409463617669,14.317856924874446,DOWN
2024-03-27,193.48687744140625,199.75,213.5,198.1000061035156,207.8000030517578,15545724,202.6226303384661,211.93632723035626,218.3688063717037,35.84746021335407,14.232142857142861,DOWN
2024-03-28,195.61790466308597,201.9499969482422,208.3999938964844,200.75,203.0,10743440,202.55857001558763,211.54470643497925,218.20543513365934,39.94613675298201,13.853571210588731,DOWN
2024-04-01,204.1419982910156,210.75,212.0,203.6499938964844,203.8999938964844,7114124,203.3387062045793,211.51354147674476,218.1312516994936,43.68686965990631,14.203570774623332,DOWN
2024-04-02,211.4068298339844,218.25,218.8999938964844,208.3999938964844,211.0,13113732,204.75882942319078,211.77771632079399,218.13243327462303,50.617808557429015,14.107142857142861,DOWN
2024-04-03,213.97373962402344,220.8999938964844,224.5,215.6000061035156,216.0,11335110,206.29608318255205,212.13545269631126,218.15997119125848,54.263226707296276,13.860713413783488,DOWN
2024-04-04,213.58628845214844,220.5,225.1000061035156,218.0500030517578,222.1000061035156,6365622,207.64883716516616,212.46347415920104,218.18325506000218,68.67736453793485,12.239285060337616,DOWN
2024-04-05,214.7486572265625,221.6999969482422,224.5,217.3500061035156,220.0,4965154,208.98704285879245,212.82569073916343,218.2182475166016,65.67616240237939,11.635712759835387,DOWN
2024-04-08,218.3326416015625,225.3999938964844,233.6000061035156,222.25,223.0,12217315,210.55018105285836,213.3188006669015,218.2897076795855,73.13526869843285,11.242856706891745,DOWN
2024-04-09,215.18453979492188,222.1499938964844,227.75,220.0500030517578,227.0,4824199,211.6549251332037,213.6651219700224,218.32811848771385,73.36714972947334,10.860713413783486,DOWN
2024-04-10,216.0079040527344,223.0,226.5500030517578,220.3500061035156,223.1000061035156,3703107,212.73540845385097,214.03119561825682,218.37460487092068,78.8978518330442,10.646427699497774,DOWN
2024-04-12,211.5037078857422,218.3500061035156,224.1499938964844,217.25,222.0,3502384,213.2701320395333,214.20056073532578,218.3743601070659,79.86395800614291,10.335712977818089,DOWN
2024-04-15,205.69183349609372,212.3500061035156,217.1999969482422,206.6000061035156,214.0500030517578,5127429,213.1825009980078,214.12798996545087,218.31441628613507,64.16883347650219,9.471426827566972,DOWN
2024-04-16,203.65765380859372,210.25,216.3999938964844,208.0,209.0,4345628,212.90321518867373,213.97591192759006,218.23417333801433,61.51260542992482,9.646426609584273,DOWN
2024-04-18,200.993896484375,207.5,218.1999969482422,205.1999969482422,214.0,5019839,212.3886232659429,213.72195459709633,218.12736564310873,51.18934375867472,9.539283752441417,DOWN
2024-04-19,198.3301239013672,204.75,207.8000030517578,200.1000061035156,203.3000030517578,5478862,211.6611353358531,213.37011324034745,217.9942575272569,55.122952101148286,8.989283970424117,DOWN
2024-04-22,202.88275146484372,209.4499969482422,210.5,207.0,207.3000030517578,2682239,211.4505507275092,213.21638318967666,217.90924000905775,57.309943259896784,8.78214154924666,DOWN
2024-04-23,201.2360382080078,207.75,211.8500061035156,207.4499969482422,210.6499938964844,3077138,211.09811732488927,213.00201522145406,217.8081530437935,46.60633343574908,8.37857055664063,DOWN
2024-04-24,207.386962890625,214.1000061035156,216.6999969482422,207.5500030517578,209.1000061035156,7555728,211.38401149428225,213.04507368741727,217.77125605931315,45.18002895094641,8.282141549246658,DOWN
2024-04-25,215.08767700195312,222.0500030517578,223.3500061035156,213.25,214.8999938964844,11652859,212.39982021404182,213.39820817229338,217.81383065625292,51.18925478079882,8.367856706891743,DOWN
2024-04-26,229.4236297607422,236.8500061035156,239.3999938964844,222.3000030517578,223.5,29302576,214.72840934637264,214.3178865225374,218.0032453373202,63.02789330957418,9.10357012067523,SIDEWAYS
2024-04-29,231.0218963623047,238.5,243.1999969482422,234.3999938964844,240.0,10934893,216.99237036100382,215.26620469812417,218.20719314490907,63.291142296665164,9.22142791748047,SIDEWAYS
2024-04-30,236.9306488037109,244.6000061035156,250.25,237.9499969482422,240.9499969482422,20267115,219.6216690031478,216.41654985127676,218.46980819922356,64.6341542840209,9.2499989100865,SIDEWAYS
2024-05-02,237.1243438720703,244.8000030517578,252.5,243.5,247.0,8076505,222.01960557920586,217.52962644737406,218.73180018780602,68.105522022542,9.342856270926344,SIDEWAYS
2024-05-03,234.5574493408203,242.1499938964844,246.3500061035156,238.3000030517578,246.3500061035156,6482333,223.93678541894667,218.4951310532215,218.9648170406287,64.87955872582131,9.474999564034599,SIDEWAYS
2024-05-06,226.17868041992188,233.5,244.6499938964844,228.3500061035156,244.25,5068553,224.84756775999938,219.08355728642852,219.1094457267916,61.08265731062251,10.14642769949777,SIDEWAYS
2024-05-07,217.2671356201172,224.3000030517578,236.6499938964844,221.8000030517578,234.6000061035156,6075614,224.79541874016687,219.2881237870297,219.16109306335844,58.35080114503827,10.367855616978241,UP
2024-05-08,219.15599060058597,226.25,229.3500061035156,221.8500061035156,224.0,4613878,224.9339502887224,219.5611385404795,219.23162945078772,61.2044827505145,10.303570338657925,UP
2024-05-09,206.8542022705078,213.5500030517578,228.4499969482422,212.0,226.3999938964844,5701005,223.84976483758294,219.32540773700023,219.17509585477748,53.71850260149722,10.549998692103797,UP
2024-05-10,215.03924560546875,222.0,223.6999969482422,207.25,215.0,7177957,223.67359675781313,219.43029370809828,219.20320435373492,59.908100183210664,11.174998692103795,UP
2024-05-13,217.6545867919922,224.6999969482422,227.9499969482422,215.3000030517578,222.0,5382136,223.7713491569016,219.63694873712353,219.2578988074116,58.965315807641275,11.667855398995536,UP
2024-05-14,237.7055511474609,245.3999938964844,246.8999938964844,224.6999969482422,224.6999969482422,21063588,225.83122008448092,220.64726423356905,219.51801915655662,68.09226252452699,12.939283098493307,UP
2024-05-15,239.88499450683597,247.6499938964844,249.0,241.5500030517578,244.8999938964844,7292069,227.90919854276697,221.70619480858534,219.79793930322256,66.78338866394662,12.817854745047438,UP
2024-05-16,246.13278198242188,254.1000061035156,258.3999938964844,248.0500030517578,249.1999969482422,15006873,230.40356116760017,222.97654034956298,220.1392534007379,66.27730017534046,12.864282880510606,UP
2024-05-17,254.70530700683597,262.95001220703125,264.25,252.6499938964844,254.8999938964844,12864267,233.5032231713555,224.5441274812284,220.56523110030304,64.10811140730576,12.453569684709821,UP
2024-05-21,264.24639892578125,272.79998779296875,277.0,262.25,270.0,13523744,237.2457721829377,226.43651416012017,221.08497992311564,67.03078154410488,12.878569466727123,UP
2024-05-22,260.7108764648437,269.1499938964844,275.3999938964844,262.54998779296875,273.95001220703125,7290877,240.28426948898976,228.11155258115406,221.5632387686218,62.49363634528205,12.917855398995538,UP
2024-05-23,273.400146484375,282.25,288.0,267.3500061035156,270.54998779296875,19631906,244.2810057281336,230.23462895052057,222.1670871390833,66.84660555370607,13.749997820172993,UP
2024-05-24,260.66241455078125,269.1000061035156,289.8999938964844,266.54998779296875,283.45001220703125,15150353,246.64472004959856,231.75876138789292,222.63408135763487,61.07686819563165,14.842855181012839,UP
2024-05-27,261.5826416015625,270.04998779296875,273.0,262.5,271.0,7418806,248.87379316801477,233.26037810966062,223.10588142166804,66.03773736499414,14.428570338657924,UP
2024-05-28,256.6425476074219,264.95001220703125,271.5,246.0,271.29998779296875,11834969,250.4048616479211,234.50310885857715,223.52224093197017,68.50251940339973,15.18928527832031,UP
2024-05-29,247.6341552734375,255.6499938964844,262.20001220703125,247.3000030517578,248.9499969482422,11706110,250.90439805254618,235.33239846790684,223.84192006594543,62.54266473770497,15.914285932268413,UP
2024-05-30,243.90489196777344,251.8000030517578,258.45001220703125,250.5500030517578,255.6499938964844,4738590,250.98969376675683,235.97818688295982,224.12010994640127,67.65113954412601,15.30357251848493,UP
2024-05-31,240.5630798339844,248.3500061035156,255.25,241.1499938964844,253.6999969482422,10620551,250.73829494168623,236.46335626415808,224.3612034405019,62.747953608532036,15.135716029575889,UP
2024-06-03,260.4687194824219,268.8999938964844,272.1499938964844,256.20001220703125,263.25,15177765,252.46798055642893,237.73538126934736,224.80437548484002,68.23433181513337,15.93214416503906,UP
2024-06-04,215.37828063964844,222.3500061035156,272.0,215.1499938964844,268.0,18831647,249.59960203710384,237.13203322362847,224.7799538989562,42.16252999876309,18.407144818987156,UP
2024-06-05,210.0022735595703,216.8000030517578,229.3500061035156,190.1999969482422,222.0,27093204,246.47583070516612,236.33469870708453,224.70055140296418,39.740603509492665,20.671431405203673,UP
2024-06-06,221.57760620117188,228.75,238.4499969482422,219.1999969482422,219.8999938964844,16936578,244.78765635229314,236.03725954210083,224.74084442383023,41.86717356355827,21.4500023978097,UP
2024-06-07,225.1131591796875,232.3999938964844,234.1999969482422,226.1499938964844,230.0,7542409,243.60787897554945,235.89462167364528,224.8170548663442,39.860591399243525,21.196430751255573,UP
2024-06-10,223.01119995117188,230.22999572753903,236.9499969482422,228.1999969482422,234.3500061035156,5255004,242.33379485669133,235.67247947968033,224.8709149744158,35.11225627094724,20.767859322684142,UP
2024-06-11,239.0325927734375,246.7700042724609,253.6999969482422,231.25,232.25,20554612,242.75629099152653,236.10767653037763,225.08881636046598,42.82048046309356,21.526430402483253,UP
2024-06-12,247.9247589111328,255.9499969482422,258.2900085449219,245.6100006103516,247.8000030517578,15558157,244.01283441597565,236.8858067428429,225.39589278422497,41.34526265787668,20.95714569091796,UP
2024-06-13,245.8518524169922,253.80999755859372,260.0,250.1000061035156,257.0,7139453,244.94589757241545,237.54950050032335,225.6786201949152,44.57531541847626,19.996430533272875,UP
2024-06-14,257.3690490722656,265.70001220703125,267.70001220703125,250.7100067138672,254.3000030517578,13054706,246.9224799185693,238.6534421358805,226.07684300100593,48.56786178972064,20.460002354213167,UP
2024-06-18,262.4254150390625,270.9200134277344,274.7900085449219,261.3099975585937,265.70001220703125,12838669,249.20795930039455,239.91879787281596,226.5230437017694,51.96394552414179,19.601431710379465,UP
2024-06-19,255.9063873291016,264.19000244140625,272.7900085449219,260.0,272.3699951171875,7194433,250.63482055191946,240.87060981668225,226.89783931111904,52.85771969002861,19.254288809640066,UP
2024-06-20,249.6004943847656,257.67999267578125,268.5,256.29998779296875,263.0,8558551,251.3057893256206,241.5298013013528,227.2041293943495,51.93318962165568,19.561431884765625,UP
2024-06-21,248.7965545654297,256.8500061035156,264.1300048828125,255.1000061035156,258.79998779296875,5596945,251.83380997113443,242.13059364653566,227.49911324220193,52.84357034857545,19.199288504464285,UP
2024-06-24,239.82687377929688,247.58999633789065,258.0,245.6999969482422,254.8000030517578,7436876,251.4296372441588,242.34468786972604,227.69902252673614,42.28848683229692,18.37786102294922,UP
2024-06-25,244.8541412353516,252.77999877929688,258.25,249.52999877929688,250.3999938964844,5365816,251.55824310464814,242.75391574853273,227.94858447949795,65.71634327584245,15.078575134277346,UP
2024-06-26,240.03030395507807,247.8000030517578,253.30999755859372,247.1100006103516,252.47999572753903,4192181,251.20031548056335,242.9518015251298,228.14611103245576,66.10556593701214,12.725002833775111,UP
2024-06-27,244.02110290527344,251.9199981689453,253.1000061035156,245.1000061035156,248.0,5995722,251.26885668898066,243.3034955111618,228.3826671233661,63.103717458581116,11.750003269740514,UP
2024-06-28,242.9749755859375,250.83999633789065,255.27999877929688,249.3500061035156,252.9499969482422,3358645,251.2280128460197,243.59904456319038,228.60612313545093,60.74091138884089,11.598573957170762,UP
2024-07-01,248.21533203125,256.25,256.8999938964844,248.3999938964844,251.0,4242776,251.70629733687497,244.09516046267314,228.88118658683948,64.60484666789657,11.580716814313618,UP
2024-07-02,249.6683349609375,257.75,263.3999938964844,254.0,257.3999938964844,7140749,252.28188806669638,244.6306443660977,229.1684384615973,57.4149055898796,10.575716291155134,UP
2024-07-03,254.8021240234375,263.04998779296875,265.0,256.8999938964844,258.79998779296875,7784039,253.3074213739604,245.35297155930834,229.5055683056906,55.05985528077709,10.248573303222658,UP
2024-07-04,260.5171203613281,268.95001220703125,270.0,260.0,263.8999938964844,10340640,254.79719192949096,246.27834570235632,229.89805033455966,60.24080468596476,10.255716596330915,UP
2024-07-05,260.0812683105469,268.5,276.25,267.5,270.0,12769536,256.1022212695394,247.14978312579333,230.28214933620583,52.24070577225344,9.667144775390625,UP
2024-07-08,264.3432922363281,272.8999938964844,282.0,266.1499938964844,269.70001220703125,16172252,257.70200913877227,248.15959531287928,230.70620749103446,51.605562253647165,9.836430140904014,UP
2024-07-09,255.8676605224609,264.1499938964844,276.3500061035156,263.0,274.8500061035156,6186123,258.31610292522106,248.7866697671383,231.03898148511854,49.968586266999,9.876429966517852,UP
2024-07-10,254.02723693847656,262.25,266.79998779296875,252.0,265.8500061035156,6521442,258.6907597894857,249.31464350176034,231.34953888327658,53.86829757708956,10.062142508370531,UP
2024-07-11,281.1492919921875,290.25,295.0,261.1499938964844,263.70001220703125,58810285,261.6964017142966,250.91995159973052,231.93561312324397,69.36455580904297,11.835000174386154,UP
2024-07-12,278.9214172363281,287.95001220703125,303.8999938964844,286.3999938964844,292.0,30165179,264.1967455707475,252.3721108392325,232.4929703280578,75.45409718124279,12.206428527832026,UP
2024-07-15,273.5454406738281,282.3999938964844,290.70001220703125,278.20001220703125,290.0,7850298,265.93038826843673,253.54967488069337,232.9895576272461,68.59617633669575,12.337856837681358,UP
2024-07-16,272.6252136230469,281.45001220703125,291.0,279.0,283.3500061035156,10636313,267.40844769116,254.64380575623605,233.47175120515445,72.25235344771743,12.752142769949776,UP
2024-07-18,259.7906494140625,268.20001220703125,283.3999938964844,267.04998779296875,281.45001220703125,9658187,267.48383478790964,255.17542169548292,233.81730604099403,59.60586085836356,13.34857177734375,UP
2024-07-19,253.6397705078125,261.8500061035156,273.0,260.3500061035156,267.3500061035156,11051723,266.9472796751102,255.43717010364108,234.09623837992459,56.11599187373365,13.828571864536828,UP
2024-07-22,260.2750244140625,268.70001220703125,273.3999938964844,256.29998779296875,260.0,8180468,267.11420658291223,255.957281558676,234.44055453740825,56.80700412529525,14.442858014787946,UP
2024-07-23,252.2352294921875,260.3999938964844,270.6000061035156,241.1000061035156,269.8999938964844,12230176,266.4747577556334,256.1315055719234,234.69885741660306,51.348596983901324,15.878572736467635,UP
2024-07-24,247.9247589111328,255.9499969482422,265.95001220703125,254.1000061035156,261.20001220703125,8189416,265.4723995835009,256.124387586681,234.910311541296,46.355242324041086,16.14642987932478,UP
2024-07-25,246.5202178955078,254.5,261.3999938964844,252.1000061035156,253.9499969482422,5541001,264.42740914697697,256.06068611269353,235.10523381451696,42.22699821983553,16.09642900739398,UP
2024-07-26,246.85926818847656,254.8500061035156,259.5,254.0500030517578,257.0,3790712,263.51527552379014,256.01320846527483,235.30169921042742,42.64943834184219,15.860714503696993,UP
2024-07-29,255.1896209716797,263.45001220703125,265.0,255.6999969482422,257.0,6335913,263.5090599698131,256.3048478276967,235.58178192681154,45.13138593172932,15.453570774623334,UP
2024-07-30,256.9331359863281,265.25,268.3999938964844,262.45001220703125,263.8999938964844,4212223,263.6748637822119,256.65563810896344,235.8769880767935,50.61043619811292,14.924997602190299,UP
2024-07-31,253.83349609375,262.04998779296875,266.25,260.3500061035156,265.95001220703125,3317908,263.5201136879983,256.8671812338264,236.1374159346659,49.89058416104729,14.289283752441415,UP
2024-08-01,250.83071899414065,258.95001220703125,266.75,256.6000061035156,263.0,2528919,263.0848659279062,256.9488608798344,236.36440694235117,26.466174591752818,12.596425737653467,UP
2024-08-02,245.64845275878903,253.6000061035156,256.8999938964844,251.75,253.0,2584519,262.1815459446309,256.8175332415474,236.53590544146724,25.30553769940083,11.860712323869986,UP
2024-08-05,230.8281707763672,238.3000030517578,248.0,234.5,246.9499969482422,5801461,259.9071132881668,256.0913555870458,236.5534586515199,22.19420608600531,12.332141331263957,UP
2024-08-06,222.30409240722656,229.5,248.9499969482422,227.8999938964844,243.0,5449560,257.0111977369128,255.0485573287303,236.48327498334555,20.195067324244704,12.978570120675228,UP
2024-08-07,225.74278259277344,233.0500030517578,237.0,228.5500030517578,235.3000030517578,7806294,254.72917919546944,254.1858689257118,236.4491130735785,27.307942743606134,12.41428375244141,UP
2024-08-08,220.99639892578125,228.1499938964844,235.5500030517578,226.8500061035156,234.0,4118270,252.19782821461374,253.16485421868327,236.3665347733089,27.82894824020056,12.132141113281255,SIDEWAYS
2024-08-09,215.91102600097656,222.8999938964844,231.8000030517578,220.1499938964844,230.5,5657496,249.4075582795538,251.97799695114605,236.2325393416987,19.220427902245348,11.742855616978241,SIDEWAYS
2024-08-12,219.97935485839844,227.1000061035156,228.6999969482422,212.6000061035156,212.6000061035156,8796989,247.2830295008835,251.00238946692525,236.14166836420435,26.31580432463919,10.785712105887281,SIDEWAYS
2024-08-13,212.5692138671875,219.4499969482422,230.3000030517578,218.0,228.8500061035156,3901654,244.63226449587003,249.7650407407024,235.97558208145847,25.170078336722057,10.817854745047436,SIDEWAYS
2024-08-14,206.8542022705078,213.5500030517578,222.0,212.6999969482422,222.0,4202296,241.6720491202403,248.3448431842732,235.7524419916107,23.733173496187618,10.817855834960938,SIDEWAYS
2024-08-16,208.4524688720703,215.1999969482422,220.1000061035156,212.8999938964844,216.0,4731390,239.1509012943357,247.04504529266416,235.5479400508807,24.984226169674997,10.942856924874437,SIDEWAYS
2024-08-19,213.78001403808597,220.6999969482422,226.3999938964844,217.1000061035156,217.3999938964844,5990048,237.39367230899347,246.01190614190253,235.40019932349125,21.930393881096037,11.017857142857139,SIDEWAYS
2024-08-20,212.32704162597656,219.1999969482422,223.5,218.0,222.0,2913466,235.66094132225527,244.9604587225433,235.23900327995645,19.6440408158913,10.985715593610488,SIDEWAYS
2024-08-21,213.00819396972656,218.8999938964844,222.5,217.5,219.6999969482422,3651199,234.064660615039,243.93847970975668,235.0764260721607,20.424957727200052,10.921430315290175,SIDEWAYS
2024-08-22,209.89431762695312,215.6999969482422,221.0,214.8999938964844,220.0,4876004,232.31564502772503,242.83108822891296,234.88362578237047,20.396991523803976,10.632145472935262,SIDEWAYS
2024-08-23,209.6510467529297,215.4499969482422,219.8500061035156,214.0500030517578,216.0,3751547,230.70939282967905,241.75731994339645,234.69025634123486,21.92789276320498,10.532144818987158,SIDEWAYS
2024-08-26,208.33740234375,214.1000061035156,218.3999938964844,212.5500030517578,216.5500030517578,2954238,229.12754647480634,240.67271940065604,234.48537822941677,27.592601749956486,9.585715157645085,SIDEWAYS
2024-08-27,209.2618408203125,215.0500030517578,216.4499969482422,212.6999969482422,215.0,2663524,227.78682805356362,239.6679069948169,234.29199141172862,34.344535122815856,8.3500006539481,SIDEWAYS
2024-08-28,219.4792022705078,225.5500030517578,229.0,215.5500030517578,215.5500030517578,17436924,227.57379710101068,239.11426370293222,234.20500645292296,42.937853919094515,8.742857796805243,SIDEWAYS
2024-08-29,218.06825256347656,224.1000061035156,227.5,221.75,226.8000030517578,4621319,227.24295986315403,238.52546928726883,234.10445918576468,45.921461942762114,8.532143729073656,SIDEWAYS
2024-08-30,211.6458740234375,217.5,225.6999969482422,217.0500030517578,225.1499938964844,3264414,226.31505892380602,237.70094107992497,233.93924068640388,44.70588833677999,8.31785692487444,SIDEWAYS
2024-09-02,217.6595458984375,223.67999267578125,224.6000061035156,216.1999969482422,218.8999938964844,5309468,226.06410023351796,237.15109996603698,233.83715861664643,46.772353068578774,7.767858232770641,SIDEWAYS
2024-09-03,216.20965576171875,222.19000244140625,225.58999633789065,221.0500030517578,223.8000030517578,2486695,225.69513853903112,236.56439025918874,233.7212665154003,52.92610822668412,7.213571820940286,SIDEWAYS
2024-09-04,212.6676177978516,218.5500030517578,220.25,217.1999969482422,218.3000030517578,2853357,225.0146494450051,235.85794370203462,233.5703086699909,55.610417076159074,6.905714852469304,SIDEWAYS
2024-09-05,211.18853759765625,217.02999877929688,220.1999969482422,216.8000030517578,219.0,1807653,224.25420652446147,235.1195929207508,233.40572847207355,52.059422418651515,6.634284973144531,SIDEWAYS
2024-09-06,211.8112945556641,217.6699981689453,218.9900054931641,213.0,217.5,2748019,223.62713906203135,234.43529508734667,233.24915404119665,46.17134122405099,6.262142726353237,SIDEWAYS
2024-09-09,199.55044555664065,205.07000732421875,218.0,204.1499938964844,217.6699981689453,6542177,221.85979318223968,233.28371517506716,232.96876452162473,36.056839703111436,6.858571733747207,SIDEWAYS
2024-09-10,206.7610015869141,212.47999572753903,215.8999938964844,204.8000030517578,206.7400054931641,6497973,220.96647913893486,232.46788303986997,232.76489617541492,44.44444151017236,7.294285365513393,DOWN
2024-09-11,204.6493988037109,210.30999755859372,214.3500061035156,209.25,212.4900054931641,3880221,219.9515761312833,231.59894635432974,232.54146434838188,45.251098028724165,7.222856794084821,DOWN
2024-09-12,220.8026123046875,226.91000366210935,228.0,213.1000061035156,213.1000061035156,26539643,220.6142835151715,231.41506624875245,232.48542991369263,57.83858613778963,8.072142464774,DOWN
2024-09-13,217.04649353027344,223.0500030517578,228.6999969482422,222.0200042724609,227.75,5490923,220.8462568043702,231.08702455475267,232.3915450692953,55.91852961802562,8.131428309849335,DOWN
2024-09-16,209.7872772216797,215.58999633789065,224.0,215.1000061035156,224.0,3398926,220.34566056946738,230.479297958013,232.2243654799281,50.328783133571136,8.499285016741078,DOWN
2024-09-17,208.11358642578125,213.8699951171875,218.63999938964844,212.69000244140625,214.1699981689453,3016933,219.7289305263931,229.8279527485689,232.04173492905505,42.037080073709916,7.927856445312506,DOWN
2024-09-18,203.5790100097656,209.2100067138672,214.8999938964844,208.1999969482422,213.8999938964844,3966381,218.7271282585335,229.01940584524726,231.81455355377958,40.27432741207058,7.99571337018695,DOWN
2024-09-19,198.41192626953125,203.8999938964844,212.8000030517578,202.32000732421875,210.4900054931641,4834825,217.31502022405263,228.0343308668644,231.5367967412692,40.964649313354315,8.126427786690856,DOWN
2024-09-20,206.06036376953125,211.75999450683597,212.75,204.00999450683597,205.0500030517578,5198110,216.7859701557463,227.3961215978437,231.34001263943404,42.25370408455284,8.158570425851012,DOWN
2024-09-23,213.4752960205078,219.3800048828125,221.1699981689453,210.0,212.5,7901312,217.03302108213356,227.08176407960718,231.22100758712935,48.30865696952063,8.63214220319476,DOWN
2024-09-24,213.32931518554688,219.22999572753903,222.3000030517578,217.1000061035156,219.8999938964844,3890263,217.24225676264837,226.77385159521236,231.10169403628765,50.427238332340096,8.6471415928432,DOWN
2024-09-25,211.93780517578125,217.8000030517578,222.47999572753903,213.4900054931641,219.47999572753903,3624921,217.29537545684926,226.4219359660573,230.96933890211324,50.48434030648492,9.046427045549668,DOWN
2024-09-26,205.96307373046875,211.66000366210935,217.7899932861328,210.1100006103516,217.41000366210935,2866418,216.75867338115972,225.84303666002012,230.77720621315797,46.464293376637464,9.167855398995536,DOWN
2024-09-27,206.19659423828125,211.8999938964844,215.22999572753903,209.9199981689453,213.9900054931641,3850995,216.29594200166684,225.29625066929322,230.58937325478314,54.70190424968698,8.557854788643974,DOWN
2024-09-30,206.01173400878903,211.7100067138672,213.3000030517578,208.6000061035156,210.0500030517578,2349717,215.85918625997164,224.7634567886883,230.4015188613412,49.41141341494995,8.100712367466517,DOWN
2024-10-01,203.79307556152344,209.42999267578125,213.1999969482422,207.8000030517578,211.0,2807881,215.24688210909636,224.16214447053508,230.19284695899734,49.32844580243695,8.122140066964288,DOWN
2024-10-03,195.73594665527344,201.1499938964844,208.75,198.9499969482422,205.0,4547516,213.90432132694283,223.25970719312133,229.90386334643503,27.482513751580612,7.607139587402344,DOWN
2024-10-04,196.786865234375,202.22999572753903,207.44000244140625,198.0,202.0,4414091,212.7924807936663,222.4350126258436,229.62850147958036,30.871001298202387,7.804283142089842,DOWN
2024-10-07,183.7572784423828,188.83999633789065,206.38999938964844,187.80999755859372,205.2400054931641,6963514,210.51129179787816,221.11756100670817,229.22264570702626,27.83761616020638,8.495712280273436,DOWN
2024-10-08,196.8160858154297,202.25999450683597,202.8999938964844,187.47000122070312,189.8500061035156,5837677,209.72545396063603,220.3780485949485,228.95436062045724,41.94309499056413,9.172854832240514,DOWN
2024-10-09,196.1835784912109,201.6100006103516,206.3999938964844,200.75,203.0,2294359,208.95255364156134,219.6420467131996,228.68227743627708,44.41504618676093,9.097854614257812,DOWN
2024-10-10,194.79205322265625,200.17999267578125,206.02999877929688,198.1199951171875,202.5500030517578,2959250,208.11707164482038,218.87882890781066,228.39867261278957,47.10099672040694,8.914283752441406,DOWN
2024-10-11,195.30780029296875,200.7100067138672,204.3999938964844,199.1000061035156,200.75,1884684,207.41163688949152,218.16632607667563,228.12316349936745,40.278035834918335,8.660711015973778,DOWN
2024-10-14,190.3547821044922,195.6199951171875,202.4600067138672,194.6999969482422,201.0,3139327,206.28862338736732,217.28215623512708,227.79974888859948,28.121545346689132,8.417140415736613,DOWN
2024-10-15,189.20655822753903,194.44000244140625,198.6100006103516,193.5,196.1499938964844,3932910,205.1601832972758,216.38638549811841,227.46781111300552,27.598054883653475,8.410712105887283,DOWN
2024-10-16,188.6226959228516,193.83999633789065,198.8999938964844,191.25999450683597,194.4499969482422,4342636,204.08207025352482,215.50221337418793,227.1332059908651,28.01834861871602,8.314284188406818,DOWN
2024-10-17,182.7744598388672,187.8300018310547,195.75,187.0,194.6999969482422,4038494,202.53425421328959,214.41702860779054,226.74212933255853,28.08534367911031,8.389998299734945,DOWN
2024-10-18,182.4436187744141,187.4900054931641,190.1999969482422,183.3600006103516,186.6999969482422,5744047,201.1014686208967,213.36106691702088,226.35156093614665,27.593187976626865,8.499283926827578,DOWN
2024-10-21,180.51690673828125,185.50999450683597,189.6999969482422,184.6699981689453,189.0,3231623,199.6165663243195,212.26886799897443,225.94517719058138,26.715256445653935,8.522855486188627,DOWN
2024-10-22,171.5061492919922,176.25,184.8699951171875,175.10000610351562,184.41000366210935,3865019,197.3911790553367,210.85636337156367,225.45069781555074,23.766617814750987,8.88071223667691,DOWN
2024-10-23,174.6783905029297,179.50999450683594,185.4900054931641,172.25,175.0,5483993,195.6882090983366,209.62709400431945,224.9935763895934,31.415326980136527,9.077855791364412,DOWN
2024-10-24,175.55416870117188,180.41000366210935,186.38999938964844,177.86000061035156,179.5,3932422,194.233141913934,208.48132575560533,224.54995875051395,31.2026334282494,9.01285552978517,DOWN
2024-10-25,168.92747497558594,173.60000610351562,181.38999938964844,171.5800018310547,180.5,3452783,192.2680813605608,207.1134308672881,224.04299404755875,35.19239824414285,8.386426653180816,DOWN
2024-10-28,175.30116271972656,180.1499938964844,181.92999267578125,172.52000427246094,174.9499969482422,3155148,191.11397779255353,206.05604118215854,223.60624777739883,25.207451379090983,7.956426348005032,DOWN
2024-10-29,176.01153564453125,180.8800048828125,182.8000030517578,176.7100067138672,180.0,2738957,190.13931370591152,205.06874564100772,223.18111103217907,26.796527406536953,7.987855093819762,DOWN
2024-10-30,181.80137634277344,186.8300018310547,188.0,176.5,178.60000610351562,5732558,189.82414114640136,204.35350078571545,222.81940845306343,36.430182922384304,8.244283403669092,DOWN
2024-10-31,189.49847412109372,194.7400054931641,195.75,186.8999938964844,188.0,4812058,190.2923187032359,203.97650097032127,222.54001140868633,44.7233512040335,8.5028555733817,DOWN
2024-11-01,190.89971923828125,196.17999267578125,198.0,195.25,195.5,668742,190.85304955776402,203.670755547006,222.27772266507534,50.52909839327091,8.181425912039623,DOWN
2024-11-04,187.9804534912109,193.17999267578125,196.1699981689453,190.5,196.16000366210935,2221852,191.07466318805137,203.25935308146776,221.9881930134406,48.84909573400531,8.222139630998884,DOWN
2024-11-05,186.7251892089844,191.88999938964844,195.4900054931641,190.5,190.5,3583486,191.15231425487013,202.81349607394543,221.68870849977102,48.24102675202927,8.032854352678573,DOWN
2024-11-06,192.21337890625,197.52999877929688,198.47000122070312,192.1000061035156,192.5500030517578,2792942,191.75971278100602,202.60630010160628,221.44832332842302,58.8085725267992,7.877854483468194,DOWN
2024-11-07,188.69081115722656,193.91000366210935,199.2400054931641,193.1000061035156,197.1300048828125,1761881,191.96450238873015,202.26526886868484,221.17431019741494,55.50222853195698,7.827854701450901,DOWN
2024-11-08,182.7841796875,187.83999633789065,193.69000244140625,187.2100067138672,192.3000030517578,1672700,191.5716922886502,201.6995719066929,220.84262548239482,51.86609216233715,7.947140284946992,DOWN
2024-11-11,184.23410034179688,189.3300018310547,194.4199981689453,183.8600006103516,185.6000061035156,3217074,191.3581979593554,201.21449072725613,220.52906703810288,61.96487797851432,7.957855224609377,DOWN
2024-11-12,182.20034790039065,187.2400054931641,194.0,185.91000366210935,189.0,2168672,190.96598915305145,200.66647169846823,220.19783259486968,57.22566124283991,7.589997427804131,DOWN
2024-11-13,174.4643096923828,179.2899932861328,187.22999572753903,178.75,185.8000030517578,2151699,189.85398954667824,199.82817842739627,219.79078941766832,49.07498306889218,7.587140764508932,DOWN
2024-11-14,175.5055389404297,180.3600006103516,184.38999938964844,179.1999969482422,179.2899932861328,1631446,188.94980012417093,199.06472047378668,219.39844326038158,56.16787785618484,7.257141113281254,DOWN
2024-11-18,174.53244018554688,179.36000061035156,183.38999938964844,177.0,180.3600006103516,2062522,188.03648588475957,198.29198636149513,219.00005079620217,49.197976607741396,7.041427612304692,DOWN
2024-11-19,176.4202117919922,181.3000030517578,185.66000366210935,179.97000122070312,180.0,1816050,187.39491609114035,197.62563407483879,218.62492594302364,50.416169354997216,7.056428091866631,DOWN
2024-11-21,173.28689575195312,178.0800018310547,181.3000030517578,176.0,181.3000030517578,1489133,186.50778139970362,196.85913869272963,218.22149386230757,40.833859222757816,6.613571166992189,DOWN
2024-11-22,176.01153564453125,180.8800048828125,182.0,176.89999389648438,178.38999938964844,1791427,185.97180268380922,196.23250599430153,217.849936758034,33.7400313982983,6.340714590890069,DOWN
2024-11-25,178.13284301757812,183.05999755859372,189.1100006103516,182.5,185.4900054931641,2766181,185.69448790997916,195.7159370360385,217.50376820878586,34.870859876085675,6.695714678083154,DOWN
2024-11-26,179.05726623535156,184.00999450683597,185.8999938964844,182.5,182.6999969482422,1703941,185.53405996682267,195.25688046626587,217.17049682866696,38.900998155722384,6.532857622419093,DOWN
2024-11-27,196.4171142578125,201.8500061035156,203.8000030517578,183.5,184.13999938964844,17324734,187.08795959888866,195.5154344128247,217.01805413488438,58.60698354261631,7.626428876604359,DOWN
2024-11-28,193.58541870117188,198.94000244140625,204.3999938964844,198.0500030517578,202.9900054931641,6032944,188.21672558389034,195.64973119825927,216.8381730235065,51.27879807428836,7.609999520438066,DOWN
2024-11-29,195.94029235839844,201.3600006103516,203.75999450683597,197.0,199.67999267578125,5595342,189.46846606260095,195.87366333206683,216.68416135770397,56.90709404449299,7.654284885951457,DOWN
2024-12-02,192.97239685058597,198.30999755859372,203.3000030517578,197.50999450683597,202.0399932861328,4473999,190.31051668126693,195.96920585075415,216.50133385721531,60.28284638716709,7.589285714285721,DOWN
2024-12-03,198.4411163330078,203.92999267578125,208.3999938964844,198.5,198.5,10884197,191.60760963312543,196.28139356938266,216.37624588526074,63.26306734240744,7.555714198521217,DOWN
2024-12-04,198.7914276123047,204.2899932861328,206.3000030517578,202.3999938964844,204.8000030517578,3643789,192.81545569531661,196.59545630337286,216.25598466536894,65.99135135382676,7.256429399762843,DOWN
2024-12-05,197.75022888183597,203.22000122070312,205.75,202.1999969482422,205.33999633789065,2728108,193.80636479297246,196.85524237856228,216.12627338731258,75.7699804491663,6.9035720825195375,DOWN
2024-12-06,199.0249786376953,204.52999877929688,207.4199981689453,202.6499938964844,203.0,4204176,194.8276632678605,197.1562132178068,216.0108875703174,75.89457801289159,6.8735722133091555,DOWN
2024-12-09,202.3042449951172,207.8999938964844,209.3999938964844,204.0399932861328,204.5,4173614,196.07264713725323,197.57753795030393,215.93018216062754,79.09869208139057,6.80000087193081,DOWN
2024-12-10,202.23614501953125,207.8300018310547,211.6999969482422,204.41000366210935,208.0,4676066,197.19239520332957,197.9795953573922,215.84958335137807,78.12169640789142,6.870714460100457,DOWN
2024-12-11,201.0587158203125,206.6199951171875,209.6999969482422,205.6000061035156,208.0,2390352,198.09026186179224,198.3184345636587,215.75774665253041,81.59876064542388,6.784999302455369,DOWN
2024-12-12,197.6626434326172,203.1300048828125,207.3500061035156,201.5,207.0,1519521,198.5702373876037,198.5071235957824,215.63209748069244,74.26391695486984,6.838570731026796,SIDEWAYS
2024-12-13,196.4073638916016,201.83999633789065,203.0,198.0,201.00999450683597,2346018,198.88164300191676,198.63782448762979,215.49486264345063,70.88523392854842,6.617142813546325,SIDEWAYS
2024-12-16,196.0473480224609,201.47000122070312,204.97999572753903,200.9600067138672,201.83999633789065,1461187,199.12815330846783,198.74889024186797,215.3553117835228,69.67103514645237,6.661428179059714,SIDEWAYS
2024-12-17,193.98440551757807,199.3500061035156,203.8000030517578,198.5,202.3999938964844,1582180,199.14928214609142,198.772463412913,215.1960550105874,45.63851649931321,5.5899996076311425,SIDEWAYS
2024-12-18,187.74691772460935,192.94000244140625,199.3999938964844,191.5500030517578,199.3999938964844,2460449,198.55792217421666,198.54373945324608,214.97460175119258,40.671634001317166,5.697142464773999,SIDEWAYS
2024-12-19,187.47447204589844,192.66000366210935,193.9499969482422,187.3000030517578,188.0,1591775,197.99621564925405,198.31300471633875,214.75256594931116,35.50965264114009,5.689285278320314,DOWN
2024-12-20,178.7361602783203,183.67999267578125,193.44000244140625,182.6499938964844,192.0,2524738,196.63276584225662,197.73916110690513,214.4433861157437,29.6522776990669,6.046428135463172,DOWN
2024-12-23,178.77508544921875,183.72000122070312,188.32000732421875,183.0,188.0,1902194,195.402978735442,197.18939013097562,214.137680793405,16.727041974991124,5.705714634486605,DOWN
2024-12-24,181.1104888916016,186.1199951171875,187.75,182.4600067138672,184.6000061035156,1346339,194.518885057513,196.7552962088663,213.85889785135308,21.968521026863726,5.804999215262277,DOWN
2024-12-26,181.1007537841797,186.1100006103516,187.9900054931641,185.30999755859372,187.0,1108476,193.7180389196881,196.33783363637554,213.58278942109436,22.711314821277497,5.742856706891745,DOWN
2024-12-27,183.38751220703125,188.4600067138672,190.5,186.0399932861328,186.1100006103516,1756966,193.21727394770517,196.02889924725756,213.332811483709,25.192972571395728,5.7207140241350505,DOWN
2024-12-30,172.7322235107422,177.50999450683594,189.0,176.07000732421875,189.0,3604939,191.7213425723843,195.30266768880966,212.9763655436406,11.984004428368223,6.261427743094312,DOWN
2024-12-31,177.11111450195312,182.00999450683597,182.4499969482422,177.69000244140625,178.0,2024244,190.7964522804273,194.78138638755578,212.66824244874704,20.923431163653873,6.09357125418527,DOWN
2025-01-01,179.32974243164062,184.2899932861328,185.4199981689453,181.94000244140625,183.3000030517578,1125128,190.17678951906592,194.36995920710783,212.3858718103131,25.445355467238542,6.049285888671875,DOWN
2025-01-02,177.802001953125,182.72000122070312,186.6000061035156,181.3000030517578,185.0,2102116,189.46661920493614,193.91309810960175,212.09068901837668,26.56716982692228,6.00999995640346,DOWN
2025-01-03,182.5992889404297,187.6499938964844,189.69000244140625,182.88999938964844,182.8999938964844,4420664,189.29360727079788,193.6674861796756,211.84749802213895,34.96503315609556,6.14142826625279,DOWN
2025-01-06,176.5467071533203,181.42999267578125,188.4499969482422,178.5,188.0,2606172,188.544691595082,193.18758447364053,211.54483627739907,31.108592273369325,6.565000261579243,DOWN
2025-01-07,176.7997283935547,181.69000244140625,183.8999938964844,180.2100067138672,182.75,1292855,187.8918640566367,192.736698903749,211.2477732541554,32.74717110288381,6.449999128069201,DOWN
2025-01-08,176.96514892578125,181.8600006103516,183.9499969482422,180.00999450683594,182.0,1457711,187.31740087127622,192.31016171577264,210.95535760595834,37.672454976573704,6.170714242117747,DOWN
2025-01-09,172.02188110351562,176.77999877929688,181.6999969482422,175.9199981689453,180.8000030517578,1468690,186.31383876727818,191.7011357182638,210.61530428430004,34.0369941118401,6.120000566755026,DOWN
2025-01-10,168.4214630126953,173.0800018310547,177.97999572753906,171.3000030517578,177.0,2395516,185.05347334478068,190.97089517366737,210.24181868775034,38.07918438592994,5.826428004673555,DOWN
2025-01-13,157.81483459472656,162.17999267578125,173.69000244140625,161.14999389648438,171.0,2746461,182.8750466143998,189.84184017375028,209.76359156325316,30.53144821666376,6.342142377580921,DOWN
2025-01-14,163.61441040039062,168.13999938964844,171.25,163.5,165.0,2314444,181.4717087834711,188.9907875939816,209.34942646699838,34.73166645977817,6.612143380301346,DOWN
2025-01-15,172.06080627441406,176.82000732421875,178.64999389648438,167.6999969482422,170.0,4118175,181.02868959687564,188.51350209320657,209.02575065463242,43.12362052596375,7.202856881277904,DOWN
2025-01-16,171.6326446533203,176.3800048828125,180.75,175.25,177.5,1830108,180.58595771934583,188.03767867319112,208.70091736337054,40.79829652109533,7.277142116001676,DOWN
2025-01-17,174.4448699951172,179.27000427246094,182.6000061035156,174.64999389648438,175.1999969482422,3119676,180.4606288196425,187.69384830453504,208.40807245699335,51.52831646687322,6.9214292253766745,DOWN
2025-01-20,176.2645263671875,181.13999938964844,181.8999938964844,177.1999969482422,179.2100067138672,1478275,180.5253307786907,187.4368346215983,208.13674834687052,49.20837586540499,6.9042859758649575,DOWN
2025-01-21,171.73968505859375,176.49000549316406,183.1699981689453,176.0,181.5,1349902,180.141014084831,187.007547204797,207.82185538315204,43.19610363197468,7.167857578822547,DOWN
2025-01-22,168.5674285888672,173.22999572753906,177.05999755859375,169.0,176.49000549316406,1589526,179.48282186032702,186.46725106843394,207.4776577746385,41.9589887572173,7.365000043596544,DOWN
2025-01-23,167.67218017578125,172.30999755859375,175.38999938964844,171.35000610351562,172.89999389648438,968867,178.79969573635242,185.91206465628335,207.12773080731466,36.05455652157507,7.155713762555807,DOWN
2025-01-24,162.7191925048828,167.22000122070312,173.8699951171875,165.5500030517578,173.0,1618453,177.69686768724296,185.1790425607704,206.73063897063196,36.810855120600195,7.039284842354915,DOWN
2025-01-27,156.3162841796875,160.63999938964844,166.52999877929688,158.5,166.52999877929688,1963386,176.072404039853,184.21672714229504,206.27202564146796,32.513709202905346,7.398571559361051,DOWN
2025-01-28,153.56246948242188,157.80999755859375,163.38999938964844,153.1999969482422,162.97999572753906,2426812,174.33312723211404,183.18116911940479,205.78981640681252,30.86714806895658,7.845000130789622,DOWN
2025-01-29,158.6906280517578,163.0800018310547,165.8800048828125,158.30999755859375,158.89999389648438,2208840,173.26140100344173,182.3928880492734,205.36484312745176,39.1338897722341,7.9971433367047995,DOWN
2025-01-30,162.35916137695312,166.85000610351562,170.0,163.50999450683594,163.72999572753906,2189369,172.65079196535353,181.78336326708683,204.98161091825838,45.06417948447031,8.014286586216517,DOWN
2025-01-31,166.44610595703125,171.0500030517578,176.1199951171875,166.80999755859375,167.0,3917487,172.49833587834442,181.36244718021118,204.64398297928824,57.86208775112683,7.783571515764509,DOWN
2025-02-01,163.935546875,168.47000122070312,179.99000549316406,165.99000549316406,171.9499969482422,3745547,172.11468495856906,180.85686106415204,204.2840428622874,50.31114627917851,8.135713849748884,DOWN
2025-02-03,158.47654724121094,162.86000061035156,167.38999938964844,160.1999969482422,166.99000549316406,3437509,171.233286449215,180.1511018306697,203.87186333739254,36.02881821671937,7.944285801478794,DOWN
2025-02-04,162.42727661132812,166.9199981689453,167.52999877929688,163.0,164.89999389648438,1909625,170.82249708918934,179.632235020406,203.50418308696024,41.17207317041914,7.88499995640346,DOWN
2025-02-05,164.3247833251953,168.8699951171875,171.75,167.5,167.5,1428268,170.63654452042726,179.21018639675037,203.15956430119138,40.12157173645543,7.662142072405136,DOWN
2025-02-06,163.37115478515625,167.88999938964844,169.75,166.5800018310547,168.8699951171875,994530,170.37496879368643,178.76625749451108,202.8086233567979,37.19806763285025,7.5528564453125,DOWN
2025-02-07,159.95562744140625,164.3800048828125,167.6699981689453,163.5,167.5,1224623,169.8040198497937,178.20209072542488,202.42624904362393,38.03596081376589,7.354285103934152,DOWN
2025-02-10,164.9475555419922,169.50999450683594,172.39999389648438,160.22999572753906,165.0,8389465,169.77601743617865,177.86122420704885,202.09872412285986,46.45579020087645,7.647856576102121,DOWN
2025-02-11,156.66659545898438,161.0,168.0,159.25,167.89999389648438,2507963,168.9402062517807,177.19999972834106,201.6897815942742,40.58598141713994,8.092142377580915,DOWN
2025-02-12,164.3247833251953,168.8699951171875,171.0,148.6300048828125,160.49000549316406,7792735,168.93351947705753,176.87333288084483,201.36321655470118,51.31264481895324,9.095714024135045,DOWN
2025-02-13,160.5686798095703,165.00999450683594,171.89999389648438,163.14999389648438,169.39999389648438,4278324,168.55985043227452,176.40810392500134,201.00149295223488,53.633790936483514,9.097856794084821,DOWN
2025-02-14,158.07656860351562,160.47999572753906,164.97999572753906,157.0,164.0,2357236,167.79034046039496,175.78347223098322,200.59829397487474,52.15914556664476,8.942141941615514,DOWN
2025-02-17,154.0281219482422,156.3699951171875,161.89999389648438,155.0,156.61000061035156,3121203,166.70268852294663,175.02215940299124,200.15821139917637,44.47007557971231,8.858569553920201,DOWN
2025-02-18,155.2889404296875,157.64999389648438,158.39999389648438,152.9499969482422,155.0,2191435,165.84052712995023,174.3408980105792,199.73524406084115,42.09348728861791,8.75356946672712,DOWN
2025-02-19,165.76959228515625,168.2899932861328,168.89999389648438,155.2100067138672,157.30999755859375,4987591,166.07380962101524,174.10360762922835,199.42235599343113,47.86442952829961,9.06642586844308,DOWN
2025-02-20,172.40866088867188,175.02999877929688,176.49000549316406,165.2899932861328,167.0,4259219,166.92678001704206,174.13993669393693,199.17964597139994,54.76882857348226,8.866426740373884,DOWN
2025-02-21,166.82357788085938,169.36000061035156,179.89999389648438,168.3000030517578,174.1999969482422,2902609,167.15851531164296,173.95248822007085,198.8829330822353,54.721094732213,9.104282924107142,DOWN
2025-02-24,162.32200622558594,164.7899932861328,167.77999877929688,163.97000122070312,166.99000549316406,1538490,166.9329417854039,173.59317469324975,198.54369985043328,48.464307402550546,9.155711582728795,DOWN
2025-02-25,163.27748107910156,165.75999450683594,170.8800048828125,163.66000366210938,164.99000549316406,3269344,166.82123252077835,173.28599115652764,198.2174938271139,47.72560953155705,9.32642582484654,DOWN
2025-02-27,159.26844787597656,161.69000244140625,166.25,160.11000061035156,165.25,1675211,166.33254394179053,172.8312465010327,197.8540362013855,45.66190945039515,9.538568769182477,DOWN
2025-02-28,147.93081665039062,150.17999267578125,160.1300048828125,149.0,159.8000030517578,3732664,164.79420572598013,171.94296203729735,197.37966760909094,41.06467799266058,10.131426130022321,DOWN
2025-03-03,144.65069580078125,146.85000610351562,153.22999572753906,142.1999969482422,150.0,4277427,163.08523433336447,170.95892454969808,196.87688490754294,35.41077016028018,10.04999760219029,DOWN
2025-03-04,145.73422241210938,147.9499969482422,149.89999389648438,143.66000366210938,144.0,3571830,161.64378315382902,170.05661366336648,196.39005020148025,40.711739582697554,9.762854439871651,DOWN
2025-03-05,156.21487426757812,158.58999633789062,159.6999969482422,148.0,149.0,6528352,161.35294631421584,169.60694239570074,196.01393026253908,42.96083242537047,9.004283360072545,DOWN
2025-03-06,156.24441528320312,158.6199951171875,162.0,157.6199951171875,160.0500030517578,2589912,161.09266524783217,169.176081718112,195.64185130586893,45.38228026203927,8.692140851702009,DOWN
2025-03-07,158.95323181152344,161.3699951171875,166.72999572753906,157.55999755859375,158.0,3986891,161.1190776163422,168.86996067493848,195.3008378114542,50.660139106035366,8.774998256138392,DOWN
2025-03-10,154.2546844482422,156.60000610351562,162.8800048828125,155.8000030517578,160.99000549316406,3316918,160.68868985321583,168.38878598586308,194.91575490888764,50.16895186183293,8.787855965750557,DOWN
2025-03-11,158.5986328125,161.00999450683594,162.6999969482422,151.14999389648438,154.0,4834146,160.71929029641777,168.09942161413653,194.5783841586185,52.35955210289573,9.223570687430245,DOWN
2025-03-12,153.7523193359375,156.08999633789062,161.8000030517578,155.55999755859375,161.0,2032144,160.27840515751043,167.6284637601661,194.19541512557643,40.68417575580332,8.691429138183594,DOWN
2025-03-13,159.06158447265625,161.47999572753906,163.4499969482422,156.14999389648438,160.0,10931576,160.39284235465604,167.38734736672978,193.86988856440195,39.43551248078374,8.417142595563616,DOWN
2025-03-17,156.638427734375,159.02000427246094,162.57000732421875,158.27999877929688,162.0,2255899,160.26209587063747,167.05921626499375,193.5231235465717,41.513456649425784,7.8950010027204245,DOWN
2025-03-18,156.638427734375,159.02000427246094,159.02000427246094,159.02000427246094,159.02000427246094,0,160.14380143271592,166.74395304960032,193.1798089269288,44.88021771212716,7.510001046316964,DOWN
2025-03-19,162.03636169433594,164.5,165.99000549316406,160.99000549316406,161.0,4056647,160.55867748674297,166.65595489079246,192.89443769382507,48.96484081677475,7.492143903459821,DOWN
2025-03-20,159.40634155273438,161.8300018310547,168.77999877929688,161.5,165.5,3679294,160.67975599572503,166.46670182962626,192.58533882951892,50.11772579679515,7.573572431291852,DOWN
2025-03-21,161.356689453125,163.80999755859375,167.5,161.55999755859375,161.8300018310547,5626345,160.97787423980776,166.3625173484093,192.29901702582814,63.649132328996195,7.091429574148996,DOWN
2025-03-24,163.89805603027344,166.38999938964844,171.49000549316406,163.32000732421875,165.1199951171875,7288080,161.4933147302688,166.3635950755167,192.04121585531888,69.86581372901566,6.887143816266741,DOWN
2025-03-25,160.83462524414062,163.27999877929688,174.0,162.3000030517578,171.3000030517578,8340380,161.66347511589052,166.24266973056692,191.75503459088085,64.9736421260975,7.277144295828683,DOWN
2025-03-26,154.00843811035156,156.35000610351562,164.3800048828125,155.25,163.6999969482422,6460386,161.1574304480453,165.85472213734923,191.40274575021056,47.64111984460958,7.090001787458148,DOWN
2025-03-27,155.4662628173828,157.8300018310547,159.85000610351562,155.27999877929688,156.0,5378602,160.84053248452238,165.54002722337688,191.06868859678613,49.19273028462834,7.103573390415737,DOWN
2025-03-28,158.17506408691406,160.5800018310547,165.5,158.5,158.61000061035156,7167901,160.815720041335,165.345516423678,190.76531857921668,49.19273028462834,6.996430533272879,DOWN
2025-04-01,159.93826293945312,162.3699951171875,163.27999877929688,159.8000030517578,161.0,2824771,160.96374623903523,165.22882931361954,190.4827780472562,56.27855837331506,6.739287240164621,DOWN
2025-04-02,159.99734497070312,162.42999267578125,163.14999389648438,160.02999877929688,162.3800048828125,1673363,161.10338875682055,165.11907101409648,190.2036458545052,51.706730196108644,6.137143816266741,DOWN
2025-04-03,164.18370056152344,166.67999267578125,167.8000030517578,160.2100067138672,160.5,3107151,161.63449389195966,165.1802836282802,189.96957965372187,62.936728718387286,6.23357173374721,DOWN
2025-04-04,160.26332092285156,162.6999969482422,166.60000610351562,159.55999755859375,166.00999450683594,3966446,161.73597037351038,165.083017483965,189.69824052232406,51.54352543262882,6.216428484235491,DOWN
2025-04-07,154.65853881835938,157.00999450683594,158.25,148.80999755859375,150.0,4095894,161.2858774338271,164.766428347607,189.3729843430655,47.649109707023904,6.9021421160016745,DOWN
2025-04-08,161.5930938720703,164.0500030517578,165.25,158.00999450683594,161.0,2590119,161.54912749267766,164.73833323796583,189.12101437996793,55.051216106717796,7.490713936941964,DOWN
2025-04-09,156.5005340576172,158.8800048828125,163.5,158.50999450683594,163.5,2580094,161.29492533935718,164.50859487109707,188.82010881283207,44.32094044505847,7.388571602957589,DOWN
2025-04-11,157.53480529785156,159.92999267578125,162.58999633789062,159.55999755859375,161.5,1779300,161.16493175234993,164.32904184382977,188.53264497067235,48.01503307295179,7.133571079799107,DOWN
2025-04-15,166.7644805908203,169.3000030517578,169.8000030517578,161.60000610351562,162.8800048828125,3880558,161.93970044753164,164.52398149904263,188.34127539933988,54.96833213518434,7.414285932268415,DOWN
2025-04-16,180.9685211181641,183.72000122070312,184.6999969482422,168.8000030517578,170.0,18488019,164.01401480688128,165.27676658616656,188.29529257169176,62.91549166679744,7.966428484235491,DOWN
2025-04-17,178.50595092773438,181.22000122070312,186.4900054931641,179.33999633789062,182.8000030517578,5895023,165.6526801796262,165.90199147379545,188.2248916627267,63.49278558365344,7.641429356166297,DOWN
2025-04-21,176.50634765625,179.19000244140625,183.33999633789065,177.85000610351562,181.22000122070312,3406966,166.94194896646238,166.42308994311352,188.13499226748968,68.54498320739916,7.381428309849334,SIDEWAYS
2025-04-22,181.37237548828125,184.1300048828125,185.55999755859372,178.99000549316406,179.60000610351562,6521571,168.57890667278144,167.11747876427822,188.09514164674664,70.21833161640657,7.5242843627929705,SIDEWAYS
2025-04-23,182.47560119628903,185.25,187.47000122070312,181.0500030517578,184.3000030517578,5956225,170.16662984680227,167.82855802842417,188.06683177961483,69.45276981603543,7.434998648507256,SIDEWAYS
2025-04-24,180.15093994140625,182.88999938964844,186.4900054931641,182.4199981689453,185.0,3121804,171.37837932707333,168.41920278768788,188.0153210095654,66.03626574144054,7.477142333984379,SIDEWAYS
2025-04-25,176.68365478515625,179.3699951171875,183.63999938964844,174.63999938964844,183.2899932861328,3563538,172.13948559279848,168.84864562413884,187.9292978663577,62.559313336416466,7.897142682756701,SIDEWAYS
2025-04-28,175.2356719970703,177.89999389648438,179.77000427246094,175.97999572753906,178.35000610351562,1882519,172.68810543124476,169.2036004583485,187.82950379700574,58.676152633191094,7.625714983258932,SIDEWAYS
2025-04-29,182.02247619628903,184.7899932861328,186.5,177.10000610351562,177.10000610351562,4307466,173.84066617932933,169.81483154963416,187.7992599113254,66.34600706190321,7.788572038922995,SIDEWAYS
2025-04-30,175.9744415283203,178.64999389648438,185.58999633789065,177.0,185.1999969482422,2686915,174.29869739048695,170.16130850441263,187.70822243854093,65.90708470332291,7.410000392368867,SIDEWAYS
2025-05-02,174.7431640625,177.39999389648438,181.3999938964844,175.50999450683594,178.14999389648438,1564013,174.5940589624867,170.445178519788,187.60565300031152,60.726331159636175,7.242142813546325,SIDEWAYS
2025-05-05,178.11195373535156,180.82000732421875,182.2899932861328,176.4199981689453,177.61000061035156,1624777,175.1870064255088,170.8520345513343,187.53813413786284,68.13822623673623,7.26571328299387,SIDEWAYS
2025-05-06,170.9409637451172,173.5399932861328,180.97000122070312,172.6999969482422,180.82000732421875,2252388,175.03014803128252,170.957444697797,187.39884915426356,60.20086419914047,7.591428484235499,SIDEWAYS
2025-05-07,173.009521484375,175.63999938964844,176.5399932861328,170.6999969482422,171.0,2119628,175.08822911303167,171.14107429355587,187.28184567401863,55.33310297982627,7.3035703386579325,SIDEWAYS
2025-05-08,169.4929962158203,172.07000732421875,180.6999969482422,169.10000610351562,176.35000610351562,2146100,174.800779418859,171.17750303985636,187.13048409839874,38.01194951884125,6.996427263532374,SIDEWAYS
2025-05-09,172.75341796875,175.3800048828125,177.3000030517578,166.5,166.5,2421747,174.85594374875933,171.34230703369778,187.0135639071989,44.089075453747974,7.257141113281256,SIDEWAYS
2025-05-12,181.3329620361328,184.08999633789065,185.25,179.5,179.5,3869249,175.7353773286766,171.84221641817592,186.98447368262865,54.368752142705574,7.569998604910718,SIDEWAYS
2025-05-13,181.2049102783203,183.9600067138672,186.75,181.91000366210935,184.0,2284966,176.51867536536142,172.31742388075207,186.9543794839345,49.834212839107735,7.446427481515075,SIDEWAYS
2025-05-14,183.5689849853516,186.3600006103516,188.3999938964844,183.5,184.9900054931641,2773318,177.45594443631285,172.86811316426576,186.94846526628692,51.0561375317698,7.337855747767867,SIDEWAYS
2025-05-15,186.3073272705078,189.13999938964844,191.8000030517578,185.3800048828125,187.0,4089164,178.56871157472577,173.5062263495749,186.9702715759721,55.89956565600116,7.505712236676906,SIDEWAYS
2025-05-16,190.631591796875,193.52999877929688,196.3000030517578,189.2100067138672,190.0800018310547,4910923,179.9935960703992,174.29147232721104,187.03554249341812,63.15007858957084,7.374283926827575,SIDEWAYS
2025-05-19,189.2624053955078,192.13999938964844,196.8000030517578,191.5,194.88999938964844,2408617,181.15039638651817,174.9914145649537,187.08633310930102,63.24405408128654,7.482140677315856,SIDEWAYS
2025-05-20,191.9219665527344,194.83999633789065,196.3999938964844,189.2100067138672,193.0,4561918,182.4541678104584,175.76979032075513,187.16348398719742,60.13718444668336,7.324283054896774,SIDEWAYS
2025-05-21,200.71823120117188,203.7700042724609,204.0,190.6999969482422,193.8999938964844,11527180,184.48424747350623,176.8678379267044,187.328722995011,73.98778655763641,7.660712105887285,SIDEWAYS
2025-05-22,197.70407104492188,200.7100067138672,204.8600006103516,197.6000061035156,203.0,3047200,186.02955787735013,177.80282493796568,187.46187009669114,71.51561159803217,7.758568899972109,SIDEWAYS
2025-05-23,196.4727935791016,199.4600067138672,201.3000030517578,197.3999938964844,201.0,1723073,187.30864824273272,178.65212618407946,187.58125454064316,67.92308159551814,7.617855616978245,SIDEWAYS
2025-05-26,197.08349609375,200.0800018310547,202.9499969482422,198.7400054931641,200.3999938964844,1749889,188.52496763209672,179.49243503298044,187.70562018532388,79.26778622871373,7.327854701450899,SIDEWAYS
2025-05-27,200.99403381347656,204.0500030517578,205.0,199.1499938964844,200.6000061035156,2927164,190.0035424339692,180.45547691606976,187.86825086061177,80.08899297726661,7.328569684709826,SIDEWAYS
2025-05-28,208.2142639160156,211.3800048828125,212.4499969482422,203.6300048828125,204.88999938964844,8197384,192.0393960005257,181.66820350300085,188.1021986618277,88.56191892629793,7.1299983433314775,SIDEWAYS
2025-05-29,214.10470581054688,217.3600006103516,222.1000061035156,204.66000366210935,212.42999267578125,13014057,194.45088215384246,183.06788182093618,188.39332106927571,89.1312640651042,7.604284014020651,SIDEWAYS
2025-05-30,226.04318237304688,229.47999572753903,239.0,223.5,224.5,44023320,197.7869882084802,184.88796471923433,188.80214370269127,89.78091256963748,8.444998604910717,SIDEWAYS
2025-06-02,227.06761169433597,230.5200042724609,235.6699981689453,226.5500030517578,230.25999450683597,8489981,200.90441830981172,186.67745646641967,189.21724679293774,90.16563528540209,8.75071280343192,SIDEWAYS
2025-06-03,226.22048950195312,229.66000366210935,234.5,227.30999755859372,231.1999969482422,6623871,203.643045486221,188.36304655252516,189.6196622841733,88.3729213550303,8.914284842354911,SIDEWAYS
2025-06-04,228.6337890625,232.1100006103516,233.9900054931641,225.1999969482422,230.0500030517578,9654542,206.35418406947153,190.0786133783223,190.0424517202547,88.30451419701336,9.08357129778181,UP
2025-06-05,227.82606506347656,231.2899932861328,239.5,230.3999938964844,233.6999969482422,9499434,208.7290230424869,191.69474592372663,190.45287501941766,85.94820205168523,9.222142900739398,UP
2025-06-06,226.26974487304688,229.7100067138672,233.22999572753903,229.0,233.0,3506650,210.7272119635707,193.18554046451646,190.84349324523308,85.638411510878,9.145713806152342,UP
2025-06-09,228.5352935791016,232.00999450683597,236.3800048828125,230.6300048828125,231.0,3639488,212.7541436343579,194.7080680740192,191.25311017320922,85.52858989314177,9.108571733747207,UP
2025-06-10,238.7401428222656,242.3699951171875,245.9900054931641,232.00999450683597,232.57000732421875,20960356,215.5747009184369,196.5771632521827,191.76173589404485,85.91366656037944,9.157143729073656,UP
2025-06-11,226.3780975341797,229.82000732421875,244.8000030517578,228.1000061035156,243.50999450683597,9635162,216.9313967666066,197.8808041961841,192.14042516200678,73.01914963395052,9.83142961774553,UP
2025-06-12,219.07907104492188,222.41000366210935,230.8999938964844,221.32000732421875,230.8999938964844,5323224,217.4531688518926,198.84273358700472,192.4416149978287,66.53697019993879,10.237142290387833,UP
2025-06-13,220.5467529296875,223.8999938964844,226.72000122070312,215.0,215.0,5046940,218.06715218947278,199.8253712462,192.75463369333772,66.95132669657471,10.773571559361049,UP
2025-06-16,220.69451904296875,224.0500030517578,224.7100067138672,218.5,224.0,3555911,218.6369475096904,200.77535680720226,193.06603040337177,65.05118035188929,10.799285888671877,UP
2025-06-17,218.428955078125,221.75,228.1199951171875,220.3999938964844,224.83999633789065,3480602,218.9334286992437,201.59789183437078,193.35144303617403,58.4432500017393,10.720715114048549,UP
2025-06-18,219.8670959472656,223.2100067138672,224.75,218.88999938964844,221.0,3975274,219.34072184349355,202.44542575121378,193.64854317227048,55.14150794106331,9.893572126116071,UP
2025-06-19,211.6717071533203,214.88999938964844,223.6000061035156,213.0,222.8000030517578,2953480,218.91684351455592,202.93344824683865,193.85990094557775,36.25918502138076,9.105001177106585,UP
2025-06-20,217.85763549804688,221.1699981689453,221.83999633789065,213.91000366210935,215.8999938964844,3417647,219.1314296721168,203.64860706731343,194.1316432065068,41.985249223457515,9.020001002720429,UP
2025-06-23,225.36351013183597,228.7899932861328,229.6999969482422,218.57000732421875,220.0,9106132,220.05129287345167,204.63454378177696,194.4765024112792,49.331686411984634,9.301428658621655,UP
2025-06-24,230.81069946289065,234.32000732421875,236.9499969482422,230.0,230.0,8587220,221.410218059239,205.79867960697075,194.87295519648256,51.62095259881782,9.25642830984933,UP
2025-06-25,232.1306304931641,235.66000366210935,236.6000061035156,230.0500030517578,234.8999938964844,3776982,222.76734049760762,206.96971192285852,195.2787964747475,53.18096607323463,9.074285234723773,UP
2025-06-26,229.6483612060547,233.13999938964844,237.9199981689453,231.6499938964844,236.0,2563673,223.75521277304006,207.99599770586988,195.65552486196046,52.463013381626176,9.22000013078962,UP
2025-06-27,234.4651336669922,238.02999877929688,239.8000030517578,231.02999877929688,234.5399932861328,7628000,225.11471620220738,209.1738016695337,196.0771614183519,54.167822555240186,9.370000566755023,UP
2025-06-30,237.20350646972656,240.80999755859372,243.8000030517578,236.3000030517578,237.0,6333600,226.60950490281562,210.41443680243802,196.5222642655185,48.793318993599975,8.907142639160156,UP
2025-07-01,234.9477996826172,238.5200042724609,241.8999938964844,236.6499938964844,240.80999755859372,2216448,227.74383817611516,211.5166159189095,196.9401522257866,57.999258666683104,8.089285714285712,UP
2025-07-02,230.9486083984375,234.4600067138672,239.08999633789065,233.8500061035156,238.3999938964844,2342901,228.3834732749487,212.41635673439805,197.31348411124014,61.80678006747599,7.779285975864956,UP
2025-07-03,231.2638092041016,234.77999877929688,235.9499969482422,231.8500061035156,234.4499969482422,2574523,228.9926661801247,213.29336230478626,197.68628525221584,60.91055096268668,7.23499952043806,UP
2025-07-04,239.36070251464844,243.0,245.6999969482422,233.8000030517578,235.0,12171759,230.32669797249378,214.4583284889123,198.13716798602465,66.35594195813464,7.641427176339287,UP
2025-07-07,232.9974365234375,236.5399932861328,243.97999572753903,235.6000061035156,243.6999969482422,3979136,230.91844038331655,215.324276128019,198.51928565070236,61.910122824750566,7.688569205147884,UP
2025-07-08,238.00135803222656,241.6199951171875,242.5,235.47999572753903,236.5399932861328,4073192,231.93763607225662,216.35548079426093,198.9481484314634,64.00851203948756,7.771426609584269,UP
2025-07-09,242.3256072998047,246.00999450683597,250.3999938964844,240.8300018310547,242.75,11925363,233.2778606850737,217.51840290063643,199.41642550684026,75.18614092917092,7.697854178292421,UP
2025-07-10,246.39376831054688,250.13999938964844,250.8000030517578,245.3600006103516,247.6000061035156,6305648,234.88377865693795,218.79768119432316,199.92113768477864,74.29146306262787,7.519997732979915,UP
2025-07-11,246.76809692382807,250.5200042724609,255.4499969482422,248.30999755859372,249.9499969482422,7286224,236.37294300127346,220.04169386405408,200.42460899410884,70.73869527632995,7.23499843052456,UP
2025-07-14,245.3496551513672,249.0800018310547,251.5500030517578,246.1999969482422,250.5200042724609,3120289,237.58313908030024,221.18045103923058,200.908742256168,65.27949645367447,7.034284319196435,UP
2025-07-15,243.2712554931641,246.97000122070312,250.82000732421875,244.6000061035156,248.0,2335530,238.4771259508148,222.19180594830794,201.36706324088976,61.524348757343375,7.01071275983539,UP
2025-07-16,242.8870849609375,246.5800018310547,251.8000030517578,245.75,246.8999938964844,1939321,239.24882841559955,223.14820578684706,201.81694322686158,64.31615013035312,6.9949983869280254,UP
2025-07-17,236.4154815673828,240.00999450683597,247.3300018310547,238.7700042724609,246.83999633789065,2565470,239.32132042428873,223.8094524033172,202.19697358785635,52.03619426675136,6.979997907366085,UP
2025-07-18,231.70706176757807,235.22999572753903,241.19000244140625,233.3300018310547,240.0,2032788,238.93167045316972,224.25731684740435,202.52566037531588,44.48834384899408,7.005712236676912,UP
2025-07-21,231.51991271972656,235.0399932861328,238.9499969482422,233.19000244140625,235.22999572753903,2084897,238.56103453249955,224.6801669038251,202.849186075921,46.41384008091057,7.042140415736621,UP
2025-07-22,238.60223388671875,242.22999572753903,243.2700042724609,236.00999450683597,236.8000030517578,3546667,238.9104594082176,225.36839548514723,203.24103492817594,57.521767028977784,7.25571332659041,UP
2025-07-23,236.9966583251953,240.6000061035156,243.0,238.5,242.9499969482422,1113272,239.0713686172936,225.96571354861265,203.61276598464698,55.49471762608375,7.284285409109939,UP
2025-07-24,231.1948699951172,234.7100067138672,241.8999938964844,233.3000030517578,240.8500061035156,1843233,238.65600081696726,226.3086270060736,203.92219126553474,41.81316414357781,7.048570905412954,UP
2025-07-25,225.94468688964844,229.3800048828125,236.0,227.1100006103516,233.8999938964844,2412302,237.77257263276204,226.42907319731827,204.1755028438161,42.76769071091445,7.085000174386167,UP
2025-07-28,213.2378845214844,216.47999572753903,228.69000244140625,215.27999877929688,226.1999969482422,3511923,235.74470816559793,226.0389132965426,204.29793560882828,28.070490679550858,7.590714590890071,UP
2025-07-29,213.29698181152344,216.5399932861328,219.13999938964844,213.80999755859372,216.0,2605197,233.91568770088696,225.66640662946773,204.41974712800544,22.192876316606288,7.287858145577571,UP
2025-07-30,212.4991149902344,215.72999572753903,219.2700042724609,214.41000366210935,217.25,1728627,232.1837170367586,225.27674345684306,204.5322869150655,15.361390819661196,7.246429443359381,UP
2025-07-31,210.5881500244141,213.7899932861328,216.3000030517578,212.0,213.6999969482422,1889145,230.4319338224133,224.8262826658348,204.62440339636964,14.151861107222544,7.0435725620814775,UP
2025-08-01,203.84075927734372,206.94000244140625,213.5500030517578,206.2899932861328,213.5,2133327,228.19460702422214,224.12485991193563,204.64744418288743,12.800141380871935,7.197143554687504,UP
2025-08-04,208.0074005126953,211.1699981689453,211.8999938964844,205.57000732421875,206.5500030517578,1805332,226.57321570467195,223.6168261180929,204.71234521757458,19.537094623457662,7.204999651227682,UP
2025-08-05,207.002685546875,210.1499938964844,213.8000030517578,209.2100067138672,212.0,1086132,225.00909934198742,223.08871505057883,204.76645117457866,19.329846515438774,7.100713457380026,UP
2025-08-06,201.9002685546875,204.97000122070312,212.0,204.1199951171875,210.6300048828125,1348119,223.100613806627,222.3781772533288,204.76847654817195,19.793101289183852,7.052142551967078,UP
2025-08-07,200.1961669921875,203.2400054931641,204.88999938964844,198.17999267578125,204.6499938964844,2029392,221.2091273005829,221.6276607137145,204.75326788095796,20.8917189316234,6.975714547293529,SIDEWAYS
2025-08-08,196.29547119140625,199.27999877929688,204.5200042724609,198.5,203.1699981689453,1016810,219.12063886998422,220.75128181432558,204.69880749188673,19.55040611723753,6.994286673409598,SIDEWAYS
2025-08-11,199.98931884765625,203.02999877929688,204.3000030517578,195.41000366210935,195.41000366210935,2237404,217.58819695658542,220.0563295384421,204.6822024300699,14.544131119630592,7.041428702218196,SIDEWAYS
2025-08-12,199.0535430908203,202.0800018310547,204.75,200.1999969482422,204.75,1264566,216.11122599224916,219.35137551070142,204.65630988679612,14.725264897932433,7.045000348772326,SIDEWAYS
2025-08-13,198.2261199951172,201.2400054931641,204.5,199.6100006103516,202.8500061035156,1573524,214.69491927805058,218.64112570609214,204.62231680825252,16.22602475650605,6.780000959123884,SIDEWAYS
2025-08-14,187.45982360839844,190.30999755859372,200.38999938964844,189.1999969482422,199.0,3893290,212.37254578095946,217.53010107285692,204.47990567144,14.578411923714384,7.0050016130719905,SIDEWAYS
2025-08-18,188.44483947753903,191.30999755859372,194.0,190.00999450683597,192.7400054931641,1683664,210.36658880740083,216.5018617193564,204.34886180962064,20.901725954874223,6.282858712332591,SIDEWAYS
2025-08-19,193.0449066162109,195.97999572753903,197.4600067138672,191.5,192.1100006103516,3093602,208.99643708550923,215.6970826608538,204.26558951029648,28.520681308647184,6.341430664062502,SIDEWAYS
2025-08-20,191.4097595214844,194.32000732421875,196.8000030517578,193.66000366210935,196.0,1840813,207.59868187014825,214.85876598098577,204.1666284935196,28.022994389236217,6.2185734340122805,SIDEWAYS
2025-08-21,192.3061370849609,195.22999572753903,198.5,194.3300018310547,194.3300018310547,2227545,206.42071176132833,214.08901028477217,204.07770677445512,30.536899864757316,6.210001264299669,SIDEWAYS
2025-08-22,188.64183044433597,191.50999450683597,195.6000061035156,191.0,195.58999633789065,1260974,205.00064345137667,213.2035586856374,203.95265491109575,32.682359767189425,6.002858843122212,SIDEWAYS
2025-08-25,190.7793426513672,193.67999267578125,194.6499938964844,190.8999938964844,192.0,1775676,203.9224862346533,212.43792864603523,203.85043936646576,29.418668164415735,5.818574087960379,SIDEWAYS
2025-08-26,192.7493896484375,195.67999267578125,196.7899932861328,191.25999450683597,193.66000366210935,3242091,203.13748684809406,211.78075468641742,203.76914138944403,33.356325082980845,5.885717119489395,SIDEWAYS
2025-08-28,197.27066040039065,200.2700042724609,201.3999938964844,192.7400054931641,195.97000122070312,4264872,202.86439326946234,211.32935270939953,203.73432410469795,44.51959178459191,5.941430228097096,SIDEWAYS
2025-08-29,197.3402862548828,198.33999633789065,200.3000030517578,197.4499969482422,200.3000030517578,2420666,202.43349832359837,210.81996618502663,203.68064920154566,44.31289583680886,5.660001482282364,SIDEWAYS
2025-09-01,200.0664825439453,201.0800018310547,202.6000061035156,196.0800018310547,198.0,2817978,202.30459389573707,210.43800679859638,203.65477211328206,52.15002750300091,5.69571576799665,SIDEWAYS
2025-09-02,202.40463256835935,203.42999267578125,209.3000030517578,199.5800018310547,201.75,3390477,202.41177473193176,210.16318271534874,203.65253550196365,50.49430793494913,5.7550016130719825,SIDEWAYS
2025-09-03,200.9122009277344,201.92999267578125,206.2899932861328,201.1999969482422,204.1000061035156,1929159,202.36589072658407,209.84031251771864,203.6353957723499,49.817106589409036,5.7935725620814695,SIDEWAYS
2025-09-04,198.60389709472656,199.6100006103516,204.25,198.30999755859372,203.5800018310547,1609931,202.10342500122857,209.43912381546897,203.59534208914596,48.081895437229576,5.8685727800641745,SIDEWAYS
2025-09-05,200.18588256835935,201.1999969482422,202.41000366210935,197.7400054931641,199.7100067138672,1289520,202.01738423427747,209.11602080106792,203.57150780913696,66.4253490306407,5.342143467494414,SIDEWAYS
2025-09-08,199.82769775390625,200.83999633789065,202.88999938964844,200.0,201.8999938964844,926628,201.90525205366922,208.79147082211978,203.5443285905176,64.65703608511157,5.263571602957585,SIDEWAYS
2025-09-09,204.66319274902344,205.6999969482422,212.8999938964844,201.82000732421875,202.0,14297066,202.26665632934285,208.67023655255596,203.56577802691288,64.8623955099007,5.685713631766177,SIDEWAYS
2025-09-10,207.91671752929688,208.97000122070312,216.9499969482422,206.1499938964844,206.6999969482422,8228418,202.90507012852004,208.6819920297382,203.61955139202522,71.34945342311032,6.2649993896484295,SIDEWAYS
2025-09-11,207.86697387695312,208.9199981689453,209.8500061035156,207.5,209.8500061035156,1990552,203.47792041808435,208.69132560382477,203.67229215597467,70.4633743579453,6.134286063058026,SIDEWAYS
2025-09-12,207.74757385253903,208.8000030517578,210.3699951171875,207.02999877929688,209.6000061035156,1725394,203.98478543081515,208.69558746452802,203.7233141549377,78.96148242811522,6.044285365513384,SIDEWAYS
2025-09-15,209.8170928955078,210.8800048828125,218.0,210.1199951171875,213.1000061035156,6840679,204.64147299767203,208.78125089269602,203.79452500795136,78.89786048877353,6.433570861816398,SIDEWAYS
2025-09-16,207.8072662353516,208.8600006103516,213.3999938964844,208.5500030517578,211.6999969482422,2265727,205.0432375322129,208.78433911691783,203.84492775026382,72.12894849161995,6.384998866489951,SIDEWAYS
2025-09-17,209.001220703125,210.05999755859372,214.4900054931641,209.3000030517578,209.6000061035156,2867910,205.52102420139204,208.83436493816004,203.90676924089396,68.54868039514444,6.168571472167964,SIDEWAYS
2025-09-18,206.4043731689453,207.4499969482422,211.0,206.77999877929688,211.0,1588960,205.70473589156825,208.78007599737896,203.94202523798202,66.82675153419373,6.266428266252786,SIDEWAYS
2025-09-19,205.5586700439453,206.6000061035156,209.1499938964844,205.6000061035156,207.4499969482422,1613527,205.78999972127752,208.69458306036472,203.96847280878336,60.961098536839614,6.05428423200335,SIDEWAYS
2025-09-22,206.6630706787109,207.7100067138672,211.25999450683597,206.3999938964844,207.1000061035156,1893719,205.9728575300956,208.65597222324718,204.0057020018688,58.939048307414474,5.707141331263953,SIDEWAYS
2025-09-23,202.67327880859372,203.6999969482422,208.4900054931641,203.0500030517578,207.5399932861328,1959186,205.75639461753815,208.46162025167834,204.0026601605392,53.34594419032358,5.732141767229357,SIDEWAYS
2025-09-24,201.62857055664065,202.6499938964844,206.7400054931641,201.6999969482422,203.6499938964844,1713821,205.46054692981875,208.2337133357884,203.98920079472774,56.036521700136454,5.667856488909044,SIDEWAYS
2025-09-25,197.8477325439453,198.8500061035156,203.6000061035156,198.4499969482422,202.6499938964844,1917041,204.83097161302797,207.86572481687574,203.93806452914356,45.71012979720121,5.702142987932484,SIDEWAYS
2025-09-26,194.872802734375,195.8600006103516,199.19000244140625,194.0200042724609,198.8500061035156,1449456,203.9765934222969,207.3949121028944,203.85768578368297,41.7055379433981,5.865000043596548,SIDEWAYS
2025-09-29,191.63917541503903,192.6100006103516,200.25,191.8500061035156,196.8999938964844,1821048,202.89406077354022,206.81511165220647,203.7457685182767,26.96234661991815,5.603571210588738,SIDEWAYS
2025-09-30,192.09686279296875,193.07000732421875,196.75,191.1300048828125,193.3999938964844,2261111,201.9584366355096,206.27608795306972,203.63954203873385,18.945331824938677,5.201428004673559,SIDEWAYS
2025-10-01,200.64356994628903,201.66000366210935,202.5,193.1199951171875,193.1499938964844,2494793,201.93001444756672,206.09506503969874,203.61984513946396,39.36731892702187,5.707141331263963,SIDEWAYS
2025-10-03,200.24557495117188,201.25999450683597,202.7899932861328,199.00999450683597,201.66000366210935,1429783,201.86620302464,205.9054544305669,203.59636403864178,39.047057519671924,5.738570077078693,SIDEWAYS
2025-10-06,197.31044006347656,198.30999755859372,201.9900054931641,197.6499938964844,201.9900054931641,955107,201.52751678977845,205.60759337676402,203.54376337714876,32.1904161510502,5.391428266252801,SIDEWAYS
2025-10-07,200.603759765625,201.6199951171875,202.1999969482422,198.0,199.1999969482422,1628215,201.5363242495317,205.45121697442767,203.52462140441284,40.10387488961566,5.345000130789629,SIDEWAYS
2025-10-08,198.6138458251953,199.6199951171875,203.9900054931641,198.63999938964844,202.0,1146607,201.35381671311796,205.22254160747707,203.48576940155488,36.03531156010283,5.325000217982711,SIDEWAYS
2025-10-09,201.40966796875,202.42999267578125,204.6000061035156,196.5,199.6199951171875,2385290,201.45630966194304,205.11302988466548,203.4752641605024,43.320910021467064,5.602143423897887,SIDEWAYS
2025-10-10,201.86737060546875,202.88999938964844,205.6999969482422,200.1000061035156,202.3999938964844,2159142,201.5928515407721,205.02585221819422,203.46944063044418,45.01209337438998,5.748572213309158,SIDEWAYS
2025-10-13,198.55413818359372,199.55999755859372,202.7899932861328,198.6699981689453,202.75,951302,201.39924639961225,204.81150497664126,203.430540699381,39.659978124304246,5.7028579711914125,SIDEWAYS
2025-10-14,195.15138244628903,196.13999938964844,201.0,195.47999572753903,199.42999267578125,1180954,200.89836573199665,204.4714459340141,203.35799799978167,40.26275614085564,5.708572387695319,SIDEWAYS
2025-10-15,198.79293823242188,199.8000030517578,200.75999450683597,196.3000030517578,196.5500030517578,983523,200.7937597624501,204.28825209549424,203.3225950649755,46.56047514011156,5.678571428571435,SIDEWAYS
2025-10-16,198.7630920410156,199.7700042724609,200.7899932861328,198.0,200.0,757292,200.69625923959399,204.1110659063557,203.28724590286095,51.2214520800928,5.509998866489964,SIDEWAYS
2025-10-17,197.72833251953125,198.72999572753903,199.6499938964844,197.3500061035156,199.4199981689453,816129,200.5089960479697,203.9000435464021,203.24190012997218,54.01847290850876,5.31357029506139,SIDEWAYS
2025-10-20,197.1612091064453,198.16000366210935,199.75,197.3600006103516,199.75,599872,200.28528248741156,203.67494394309648,203.1913339959636,58.401454273313675,4.884284973144533,SIDEWAYS
2025-10-21,198.2755584716797,199.27999877929688,200.0500030517578,198.2700042724609,199.3000030517578,215511,200.18954118187682,203.50259315235925,203.1524152375888,59.216371334312825,4.617856706891745,SIDEWAYS
2025-10-23,197.95718383789065,198.9600067138672,202.75999450683597,198.1199951171875,200.25,1095001,200.072442661114,203.32445250771252,203.1106997298901,44.689226705884195,4.275714329310832,SIDEWAYS
2025-10-24,199.51925659179688,200.52999877929688,201.6699981689453,198.0,199.0,1310747,200.11601943427425,203.21486608699036,203.0850211134663,48.62731055473968,4.267857142857151,SIDEWAYS
2025-10-27,199.87744140625,200.88999938964844,202.3600006103516,199.5,200.9900054931641,1216284,200.18973181097655,203.12369484395737,203.063180101289,55.37500723203487,4.162142072405144,SIDEWAYS
2025-10-28,196.77317810058597,197.7700042724609,202.3699951171875,197.3500061035156,201.5500030517578,1232256,199.95928156921315,202.91374619409476,203.01051168508178,41.915174912250656,4.220712934221552,DOWN
2025-10-29,200.26547241210935,201.27999877929688,202.6999969482422,197.8300018310547,198.5500030517578,1710904,200.0850641606497,202.84967766802427,202.99329265119337,53.278051308629166,4.190711975097669,DOWN
2025-10-30,203.98663330078125,205.0200042724609,207.1999969482422,200.2899932861328,200.6499938964844,4066035,200.55505845701265,202.93478851525708,203.0134589359821,54.93335828994499,4.10571180071151,DOWN
2025-10-31,201.1609344482422,202.17999267578125,208.6999969482422,200.6999969482422,206.0,2353104,200.70981409689537,202.9051886784149,203.00516573936318,48.760029739459945,4.277141026088182,DOWN
2025-11-03,200.19583129882807,201.2100067138672,205.19000244140625,200.1699981689453,201.91000366210935,1576799,200.75745148898795,202.838710954315,202.98730346050255,53.140484970920035,4.33428410121374,DOWN
2025-11-04,196.5045318603516,197.5,202.3000030517578,197.0,202.0,1504039,200.44721801384622,202.62934974042028,202.9327034260697,52.560243819066024,4.318569728306372,DOWN
2025-11-05,196.5045318603516,197.5,197.5,197.5,197.5,0,200.1665305839561,202.42819877020773,202.87864667556158,44.97815459100079,3.988570077078691,DOWN
2025-11-06,193.42015075683597,194.3999938964844,198.6000061035156,194.1000061035156,197.5,1004640,199.6173366137207,202.1133672065323,202.79428197129218,39.661121912326365,4.110713413783491,DOWN
2025-11-07,195.4498748779297,196.44000244140625,197.5,191.5,193.6100006103516,1113161,199.31473335921459,201.89088231378227,202.73105530930326,45.75455232092701,4.366427830287397,DOWN
2025-11-10,192.82318115234372,193.8000030517578,198.38999938964844,192.8000030517578,197.25,1014515,198.78952094898062,201.57359293095777,202.6421891176859,42.49311016123146,4.594999040876126,DOWN
2025-11-11,193.21121215820312,194.19000244140625,195.8500061035156,192.97000122070312,193.75999450683597,1045577,198.35147156730687,201.2840403627401,202.55808775772292,41.01024942274232,4.665713718959269,DOWN
2025-11-12,192.9027862548828,193.8800048828125,197.3699951171875,193.57000732421875,194.77999877929688,1023435,197.92561759735503,200.9936860301939,202.47173867439048,41.0247327151098,4.605712890625004,DOWN
2025-11-13,189.51991271972656,190.47999572753903,194.75,190.1300048828125,194.75,1657182,197.21651075261067,200.58138444969765,202.3524178490487,33.32227624720127,4.673569815499446,DOWN
2025-11-14,199.2406768798828,200.25,203.3999938964844,190.1100006103516,190.47999572753903,8650340,197.50541449045727,200.56838898108205,202.33149826846116,49.19069422817549,5.418569292340962,DOWN
2025-11-17,203.956787109375,204.9900054931641,210.97000122070312,201.3999938964844,202.3999938964844,11599980,198.21823268119124,200.74178570704606,202.35795107666718,58.77064531723136,5.825713021414621,DOWN
2025-11-18,200.1062774658203,201.1199951171875,205.6199951171875,200.69000244140625,204.1000061035156,1743193,198.49459100842898,200.75661744862026,202.34563310692113,49.8073175948473,5.825713021414619,DOWN
2025-11-19,200.9420623779297,201.9600067138672,203.3000030517578,199.5200042724609,201.5399932861328,1706777,198.8246305994231,200.8038091845123,202.34179602838327,46.03833103385063,5.602141244070871,DOWN
2025-11-20,197.13136291503903,198.1300048828125,203.0,197.8500061035156,203.0,1322377,198.7584757692697,200.69895411385738,202.29988765877562,44.887676028666924,5.398569379534043,DOWN
2025-11-21,194.7832489013672,195.7700042724609,198.55999755859372,194.67999267578125,197.1000061035156,1332716,198.47385943624028,200.5056619632144,202.23491369473268,43.36586055720546,5.317140851702009,DOWN
2025-11-24,198.2556610107422,199.25999450683597,202.0,195.3999938964844,196.8999938964844,3033202,198.54872944296366,200.45681225904272,202.20531250878346,52.15791145646444,5.409998212541851,DOWN
2025-11-25,194.4449615478516,195.42999267578125,199.8999938964844,194.5800018310547,199.4600067138672,1511286,198.25170689370822,200.259682079307,202.13789639104218,47.6798866041585,5.789997645786831,DOWN
2025-11-26,198.3352508544922,199.33999633789065,200.8999938964844,195.5,195.5,1627855,198.35535350743987,200.22361597180048,202.11005658951828,55.43813040708875,5.859283447265627,DOWN
2025-11-27,198.88247680664065,199.88999938964844,202.75,199.0,200.8999938964844,1526075,198.5015102581264,200.21053296857883,202.08796646812655,53.92669466019264,5.698569161551341,DOWN
2025-11-28,195.8478546142578,196.83999633789065,200.4499969482422,196.0,199.9499969482422,865886,198.34327083715155,200.07835506149303,202.03574785986552,53.42804510457975,5.61714063371931,DOWN
2025-12-01,195.52947998046875,196.5200042724609,200.25,196.1199951171875,198.5,903973,198.1696264024191,199.9388118932957,201.98086483909532,52.631578947368375,5.706426348005026,DOWN
2025-12-02,196.87266540527344,197.8699951171875,198.6699981689453,195.2100067138672,196.5500030517578,1288080,198.14109008953992,199.8576818236444,201.93996066275795,54.402988040161105,5.682140895298553,DOWN
2025-12-03,197.3999938964844,198.3999938964844,199.3800048828125,196.3300018310547,197.8699951171875,984551,198.1657475949632,199.80051759120676,201.9047371128448,59.33081393237599,5.569998604910718,DOWN
2025-12-04,201.6199951171875,201.6199951171875,202.0,196.0,196.25999450683597,1822430,198.49472354946076,199.87186965104914,201.90190385915668,51.90860205910662,5.049284798758374,DOWN
2025-12-05,202.6999969482422,202.6999969482422,205.5,200.67999267578125,201.6000061035156,2385109,198.89522577791612,199.98277660388024,201.9098450839237,46.44739720086769,4.627856663295205,DOWN
2025-12-08,189.83999633789065,189.83999633789065,202.6000061035156,188.5,202.30999755859372,2472351,198.0328229741042,199.58502051501793,201.78974708645075,36.317323574421295,5.289999825613843,DOWN
2025-12-09,197.13999938964844,197.13999938964844,198.17999267578125,189.1499938964844,190.1100006103516,3077963,197.947792156537,199.4891373336309,201.7434809402139,44.94546134162157,5.664999825613839,DOWN
2025-12-10,192.0500030517578,192.0500030517578,197.50999450683597,191.3000030517578,196.0,1573984,197.3860979560818,199.19740657747903,201.64702842391085,43.78830872148838,5.740713936941964,DOWN
2025-12-11,193.6499938964844,193.6499938964844,194.6000061035156,191.6000061035156,192.5,806515,197.03027852183445,198.97986098214594,201.5674559410509,47.79990517883804,5.677856445312502,DOWN
2025-12-12,192.7700042724609,192.7700042724609,195.3600006103516,192.0,194.0,1037947,196.6245381171322,198.7363371896093,201.4799191085276,42.87909420942552,5.446427481515073,DOWN
2025-12-15,193.80999755859372,193.80999755859372,196.3999938964844,192.1000061035156,192.1000061035156,1386426,196.35648663536665,198.5431474001577,201.4036014811651,48.10659616753718,5.373570033482151,DOWN
2025-12-16,194.1499938964844,194.1499938964844,195.33999633789065,191.7400054931641,193.1999969482422,937983,196.14634446975882,198.37086687060187,201.33142628131756,43.38178065303481,5.2399978637695375,DOWN
2025-12-17,194.3000030517578,194.3000030517578,195.3500061035156,192.17999267578125,193.97999572753903,986262,195.9705024299492,198.21122515221583,201.2614618710732,42.798246476242916,5.198570251464848,DOWN
2025-12-18,194.4900054931641,194.4900054931641,194.9600067138672,191.6000061035156,193.8000030517578,699897,195.82950272168395,198.06529496950793,201.19408419567114,46.73158130862385,5.120713370186948,DOWN
2025-12-19,199.22000122070312,199.22000122070312,200.0,194.3999938964844,194.4900054931641,1533185,196.15240734063815,198.11057756759402,201.1744415790048,53.34489463450526,5.225713457380026,DOWN
2025-12-22,198.77999877929688,198.77999877929688,203.30999755859372,198.1300048828125,200.0,1012233,196.40265414431994,198.13682937981767,201.15061627751516,51.153363858661386,5.348570687430247,DOWN
2025-12-23,199.8699951171875,199.8699951171875,202.3800048828125,198.5500030517578,200.3699951171875,1213792,196.73287709411687,198.2047966636361,201.13787377840742,51.837043218130205,5.404284885951453,DOWN
2025-12-24,201.13999938964844,201.13999938964844,202.97000122070312,200.0,200.0,1245312,197.15260302702464,198.3199026528915,201.13789492876805,49.3694220299972,5.197142464773997,DOWN
2025-12-25,201.13999938964844,201.13999938964844,201.13999938964844,201.13999938964844,201.13999938964844,0,197.53235506156025,198.43049468178393,201.1379158686773,47.89075394467552,4.852856227329801,DOWN
2025-12-26,205.3500061035156,205.3500061035156,208.5,200.0,201.3999938964844,4904849,198.27689325603217,198.70184807087145,201.1798272142976,77.37383889339509,4.445713588169645,DOWN
2025-12-29,201.2100067138672,201.2100067138672,207.0,200.6000061035156,206.9499969482422,1487796,198.55623739487362,198.80020723334187,201.18012750782566,58.08504189046641,4.257856096540185,DOWN
2025-12-30,199.5,199.5,201.8300018310547,198.3999938964844,201.0,1489110,198.6461195477428,198.8276500869363,201.16340982118064,67.09499596996974,4.059285845075337,DOWN
2025-12-31,201.2400054931641,201.2400054931641,202.72000122070312,199.8000030517578,200.4499969482422,1163378,198.8931563044496,198.92225225972956,201.16417196717052,67.30508173851325,4.075000217982703,DOWN
2026-01-01,202.69000244140625,202.69000244140625,204.6999969482422,201.52999877929688,202.0,1097326,199.25476069844547,199.07000716881493,201.179354359949,72.04442542560133,4.082142421177453,SIDEWAYS
2026-01-02,206.3999938964844,206.3999938964844,207.3800048828125,199.8999938964844,202.8999938964844,2967348,199.93525909825868,199.35745762872355,201.2313010220041,75.00991184219632,4.309286934988831,SIDEWAYS
2026-01-05,205.9199981689453,205.9199981689453,209.88999938964844,204.1100006103516,207.8000030517578,2928381,200.50523424784788,199.61481215971264,201.27795472495873,73.251675843438,4.465001787458137,SIDEWAYS
2026-01-06,205.3999938964844,205.3999938964844,206.58999633789065,203.72000122070312,205.9199981689453,1781895,200.9714018334323,199.8416820317429,201.3189700400983,71.61212502933819,4.4435719081333644,SIDEWAYS
2026-01-07,204.72000122070312,204.72000122070312,207.6499938964844,204.0,205.5,1030370,201.32841129888666,200.0329886666041,201.352811146373,69.5452740605815,4.464285714285708,SIDEWAYS
2026-01-08,197.52999877929688,197.52999877929688,205.6499938964844,196.9499969482422,204.6300048828125,1548855,200.9666577255924,199.93483220043518,201.31477321237224,47.0485467111799,4.685713631766181,SIDEWAYS
2026-01-09,193.44000244140625,193.44000244140625,198.7899932861328,193.0,196.1999969482422,1412092,200.24983341281276,199.68013299419877,201.23641728430295,41.72862989493747,4.729285103934152,SIDEWAYS
2026-01-12,194.5399932861328,194.5399932861328,195.6999969482422,187.3600006103516,193.4499969482422,1695463,199.70603911503372,199.4785588880001,201.16978619974404,41.746666244517776,5.051427568708145,SIDEWAYS
2026-01-13,193.8800048828125,193.8800048828125,197.13999938964844,192.17999267578125,196.05999755859372,910656,199.15117871196503,199.25900775054177,201.09725106226213,38.54166716838962,5.184284755161828,DOWN
2026-01-14,196.80999755859372,196.80999755859372,197.8000030517578,193.8800048828125,193.8800048828125,1074963,198.92820907831063,199.16296813517127,201.05459182341966,43.74457443989699,5.464284624372207,DOWN
2026-01-16,187.1699981689453,187.1699981689453,197.6199951171875,186.5,197.4900054931641,2926404,197.8083794678949,198.69265558747614,200.91643666267862,27.297671279494878,5.651427132742744,DOWN
